2026-01-24 02:02:39.445 [DEBUG] Starting new HTTPS connection (1): lms.bsuir.by:443
2026-01-24 02:02:39.838 [DEBUG] https://lms.bsuir.by:443 "POST /login/index.php HTTP/1.1" 303 1707
2026-01-24 02:02:39.953 [DEBUG] https://lms.bsuir.by:443 "GET /login/index.php?testsession=30091 HTTP/1.1" 303 1674
2026-01-24 02:02:40.436 [CRITICAL] Uncaught exception
Traceback (most recent call last):
  File "C:\Users\User\PycharmProjects\Program_sol\src\services\find_test.py", line 19, in <module>
    str = session.post(c.url_login, data={'username': "32850203", 'password': "Shilov#Arseni5"}, allow_redirects=True)
          ^^^^^^^^^^^^^^^^^^^^^^^^^^^^^^^^^^^^^^^^^^^^^^^^^^^^^^^^^^^^^^^^^^^^^^^^^^^^^^^^^^^^^^^^^^^^^^^^^^^^^^^^^^^^
  File "C:\Users\User\AppData\Roaming\Python\Python312\site-packages\requests\sessions.py", line 637, in post
    return self.request("POST", url, data=data, json=json, **kwargs)
           ^^^^^^^^^^^^^^^^^^^^^^^^^^^^^^^^^^^^^^^^^^^^^^^^^^^^^^^^^
  File "C:\Users\User\AppData\Roaming\Python\Python312\site-packages\requests\sessions.py", line 589, in request
    resp = self.send(prep, **send_kwargs)
           ^^^^^^^^^^^^^^^^^^^^^^^^^^^^^^
  File "C:\Users\User\AppData\Roaming\Python\Python312\site-packages\requests\sessions.py", line 724, in send
    history = [resp for resp in gen]
                                ^^^
  File "C:\Users\User\AppData\Roaming\Python\Python312\site-packages\requests\sessions.py", line 265, in resolve_redirects
    resp = self.send(
           ^^^^^^^^^^
  File "C:\Users\User\AppData\Roaming\Python\Python312\site-packages\requests\sessions.py", line 703, in send
    r = adapter.send(request, **kwargs)
        ^^^^^^^^^^^^^^^^^^^^^^^^^^^^^^^
  File "C:\Users\User\AppData\Roaming\Python\Python312\site-packages\requests\adapters.py", line 667, in send
    resp = conn.urlopen(
           ^^^^^^^^^^^^^
  File "C:\Users\User\AppData\Roaming\Python\Python312\site-packages\urllib3\connectionpool.py", line 787, in urlopen
    response = self._make_request(
               ^^^^^^^^^^^^^^^^^^^
  File "C:\Users\User\AppData\Roaming\Python\Python312\site-packages\urllib3\connectionpool.py", line 534, in _make_request
    response = conn.getresponse()
               ^^^^^^^^^^^^^^^^^^
  File "C:\Users\User\AppData\Roaming\Python\Python312\site-packages\urllib3\connection.py", line 516, in getresponse
    httplib_response = super().getresponse()
                       ^^^^^^^^^^^^^^^^^^^^^
  File "C:\Program Files\Python312\Lib\http\client.py", line 1428, in getresponse
    response.begin()
  File "C:\Program Files\Python312\Lib\http\client.py", line 331, in begin
    version, status, reason = self._read_status()
                              ^^^^^^^^^^^^^^^^^^^
  File "C:\Program Files\Python312\Lib\http\client.py", line 292, in _read_status
    line = str(self.fp.readline(_MAXLINE + 1), "iso-8859-1")
               ^^^^^^^^^^^^^^^^^^^^^^^^^^^^^^
  File "C:\Program Files\Python312\Lib\socket.py", line 720, in readinto
    return self._sock.recv_into(b)
           ^^^^^^^^^^^^^^^^^^^^^^^
  File "C:\Program Files\Python312\Lib\ssl.py", line 1251, in recv_into
    return self.read(nbytes, buffer)
           ^^^^^^^^^^^^^^^^^^^^^^^^^
  File "C:\Program Files\Python312\Lib\ssl.py", line 1103, in read
    return self._sslobj.read(len, buffer)
           ^^^^^^^^^^^^^^^^^^^^^^^^^^^^^^
KeyboardInterrupt
2026-01-24 02:02:43.408 [DEBUG] Starting new HTTPS connection (1): lms.bsuir.by:443
2026-01-24 02:02:43.722 [DEBUG] https://lms.bsuir.by:443 "POST /login/index.php HTTP/1.1" 303 1707
2026-01-24 02:02:43.845 [DEBUG] https://lms.bsuir.by:443 "GET /login/index.php?testsession=30091 HTTP/1.1" 303 1674
2026-01-24 02:02:44.317 [DEBUG] https://lms.bsuir.by:443 "GET / HTTP/1.1" 200 22788
2026-01-24 02:03:46.031 [DEBUG] Starting new HTTPS connection (1): lms.bsuir.by:443
2026-01-24 02:03:46.340 [DEBUG] https://lms.bsuir.by:443 "POST /login/index.php HTTP/1.1" 303 1707
2026-01-24 02:03:46.435 [DEBUG] https://lms.bsuir.by:443 "GET /login/index.php?testsession=30091 HTTP/1.1" 303 1674
2026-01-24 02:03:46.917 [DEBUG] https://lms.bsuir.by:443 "GET / HTTP/1.1" 200 22792
2026-01-24 02:05:18.633 [DEBUG] Starting new HTTPS connection (1): lms.bsuir.by:443
2026-01-24 02:05:18.992 [DEBUG] https://lms.bsuir.by:443 "POST /login/index.php HTTP/1.1" 303 1707
2026-01-24 02:05:19.090 [DEBUG] https://lms.bsuir.by:443 "GET /login/index.php?testsession=30091 HTTP/1.1" 303 1674
2026-01-24 02:05:19.557 [DEBUG] https://lms.bsuir.by:443 "GET / HTTP/1.1" 200 22784
2026-01-24 02:10:03.304 [DEBUG] Starting new HTTPS connection (1): lms.bsuir.by:443
2026-01-24 02:10:04.561 [DEBUG] https://lms.bsuir.by:443 "POST /login/index.php HTTP/1.1" 303 1707
2026-01-24 02:10:04.689 [DEBUG] https://lms.bsuir.by:443 "GET /login/index.php?testsession=30091 HTTP/1.1" 303 1674
2026-01-24 02:10:05.127 [DEBUG] https://lms.bsuir.by:443 "GET / HTTP/1.1" 200 22789
2026-01-24 02:10:31.649 [DEBUG] Starting new HTTPS connection (1): lms.bsuir.by:443
2026-01-24 02:10:31.947 [DEBUG] https://lms.bsuir.by:443 "POST /login/index.php HTTP/1.1" 303 1707
2026-01-24 02:10:32.062 [DEBUG] https://lms.bsuir.by:443 "GET /login/index.php?testsession=30091 HTTP/1.1" 303 1674
2026-01-24 02:10:32.521 [DEBUG] https://lms.bsuir.by:443 "GET / HTTP/1.1" 200 22785
2026-01-24 15:11:33.424 [DEBUG] Starting new HTTPS connection (1): lms.bsuir.by:443
2026-01-24 15:11:34.868 [DEBUG] https://lms.bsuir.by:443 "POST /login/index.php HTTP/1.1" 303 1707
2026-01-24 15:11:34.992 [DEBUG] https://lms.bsuir.by:443 "GET /login/index.php?testsession=30091 HTTP/1.1" 303 1674
2026-01-24 15:11:35.463 [DEBUG] https://lms.bsuir.by:443 "GET / HTTP/1.1" 200 22792
2026-01-24 15:11:52.053 [DEBUG] Starting new HTTPS connection (1): lms.bsuir.by:443
2026-01-24 15:11:52.353 [DEBUG] https://lms.bsuir.by:443 "POST /login/index.php HTTP/1.1" 303 1707
2026-01-24 15:11:52.450 [DEBUG] https://lms.bsuir.by:443 "GET /login/index.php?testsession=30091 HTTP/1.1" 303 1674
2026-01-24 15:11:52.932 [DEBUG] https://lms.bsuir.by:443 "GET / HTTP/1.1" 200 22791
2026-01-24 15:13:48.289 [DEBUG] Starting new HTTPS connection (1): lms.bsuir.by:443
2026-01-24 15:13:49.403 [DEBUG] https://lms.bsuir.by:443 "POST /login/index.php HTTP/1.1" 303 1707
2026-01-24 15:13:49.522 [DEBUG] https://lms.bsuir.by:443 "GET /login/index.php?testsession=30091 HTTP/1.1" 303 1674
2026-01-24 15:13:50.003 [DEBUG] https://lms.bsuir.by:443 "GET / HTTP/1.1" 200 22786
2026-01-24 15:29:52.595 [DEBUG] Starting new HTTPS connection (1): lms.bsuir.by:443
2026-01-24 15:29:52.987 [DEBUG] https://lms.bsuir.by:443 "POST /login/index.php HTTP/1.1" 303 1707
2026-01-24 15:29:53.110 [DEBUG] https://lms.bsuir.by:443 "GET /login/index.php?testsession=30091 HTTP/1.1" 303 1674
2026-01-24 15:29:53.662 [DEBUG] https://lms.bsuir.by:443 "GET / HTTP/1.1" 200 22784
2026-01-24 15:34:58.222 [DEBUG] Starting new HTTPS connection (1): lms.bsuir.by:443
2026-01-24 15:34:59.282 [DEBUG] https://lms.bsuir.by:443 "POST /login/index.php HTTP/1.1" 303 1707
2026-01-24 15:34:59.491 [DEBUG] https://lms.bsuir.by:443 "GET /login/index.php?testsession=30091 HTTP/1.1" 303 1674
2026-01-24 15:35:00.061 [DEBUG] https://lms.bsuir.by:443 "GET / HTTP/1.1" 200 22784
2026-01-24 15:35:00.160 [CRITICAL] Uncaught exception
Traceback (most recent call last):
  File "C:\Users\User\PycharmProjects\Program_sol\src\services\find_test.py", line 23, in <module>
    soup1=soup.find_all(class_=re.match("coursebox"))
                               ^^^^^^^^^^^^^^^^^^^^^
TypeError: match() missing 1 required positional argument: 'string'
2026-01-24 21:12:49.733 [DEBUG] Starting new HTTPS connection (1): lms.bsuir.by:443
2026-01-24 21:12:50.150 [DEBUG] https://lms.bsuir.by:443 "POST /login/index.php HTTP/1.1" 303 1707
2026-01-24 21:12:50.373 [DEBUG] https://lms.bsuir.by:443 "GET /login/index.php?testsession=30091 HTTP/1.1" 303 1674
2026-01-24 21:12:50.959 [DEBUG] https://lms.bsuir.by:443 "GET / HTTP/1.1" 200 22789
2026-01-24 21:12:51.100 [CRITICAL] Uncaught exception
Traceback (most recent call last):
  File "C:\Users\User\PycharmProjects\Program_sol\src\services\find_test.py", line 23, in <module>
    soup1=soup.find_all(class_=re.match("coursebox"))
                               ^^^^^^^^^^^^^^^^^^^^^
TypeError: match() missing 1 required positional argument: 'string'
2026-01-24 21:13:12.254 [DEBUG] Starting new HTTPS connection (1): lms.bsuir.by:443
2026-01-24 21:13:12.606 [DEBUG] https://lms.bsuir.by:443 "POST /login/index.php HTTP/1.1" 303 1707
2026-01-24 21:13:13.140 [DEBUG] https://lms.bsuir.by:443 "GET /login/index.php?testsession=30091 HTTP/1.1" 303 1674
2026-01-24 21:13:13.700 [DEBUG] https://lms.bsuir.by:443 "GET / HTTP/1.1" 200 22781
2026-01-24 21:14:03.683 [DEBUG] Starting new HTTPS connection (1): lms.bsuir.by:443
2026-01-24 21:14:04.062 [DEBUG] https://lms.bsuir.by:443 "POST /login/index.php HTTP/1.1" 303 1707
2026-01-24 21:14:04.280 [DEBUG] https://lms.bsuir.by:443 "GET /login/index.php?testsession=30091 HTTP/1.1" 303 1674
2026-01-24 21:14:04.844 [DEBUG] https://lms.bsuir.by:443 "GET / HTTP/1.1" 200 22785
2026-01-24 21:14:04.911 [CRITICAL] Uncaught exception
Traceback (most recent call last):
  File "C:\Users\User\PycharmProjects\Program_sol\src\services\find_test.py", line 23, in <module>
    soup1=soup.find_all(class_=re.match("coursebox"))
                               ^^^^^^^^^^^^^^^^^^^^^
TypeError: match() missing 1 required positional argument: 'string'
2026-01-24 21:14:34.901 [DEBUG] Starting new HTTPS connection (1): lms.bsuir.by:443
2026-01-24 21:14:35.283 [DEBUG] https://lms.bsuir.by:443 "POST /login/index.php HTTP/1.1" 303 1707
2026-01-24 21:14:35.515 [DEBUG] https://lms.bsuir.by:443 "GET /login/index.php?testsession=30091 HTTP/1.1" 303 1674
2026-01-24 21:14:36.051 [DEBUG] https://lms.bsuir.by:443 "GET / HTTP/1.1" 200 22782
2026-01-24 21:20:16.345 [DEBUG] Starting new HTTPS connection (1): lms.bsuir.by:443
2026-01-24 21:20:16.887 [DEBUG] https://lms.bsuir.by:443 "POST /login/index.php HTTP/1.1" 303 1707
2026-01-24 21:20:17.004 [DEBUG] https://lms.bsuir.by:443 "GET /login/index.php?testsession=30091 HTTP/1.1" 303 1674
2026-01-24 21:20:17.613 [DEBUG] https://lms.bsuir.by:443 "GET / HTTP/1.1" 200 22796
2026-01-24 21:20:38.955 [DEBUG] Starting new HTTPS connection (1): lms.bsuir.by:443
2026-01-24 21:20:39.409 [DEBUG] https://lms.bsuir.by:443 "POST /login/index.php HTTP/1.1" 303 1707
2026-01-24 21:20:39.627 [DEBUG] https://lms.bsuir.by:443 "GET /login/index.php?testsession=30091 HTTP/1.1" 303 1674
2026-01-24 21:20:40.204 [DEBUG] https://lms.bsuir.by:443 "GET / HTTP/1.1" 200 22791
2026-01-24 21:20:40.326 [CRITICAL] Uncaught exception
Traceback (most recent call last):
  File "C:\Users\User\PycharmProjects\Program_sol\src\services\find_test.py", line 27, in <module>
    print(soup1.text)
          ^^^^^^^^^^
  File "C:\Users\User\AppData\Roaming\Python\Python312\site-packages\bs4\element.py", line 2877, in __getattr__
    raise AttributeError(
AttributeError: ResultSet object has no attribute "text". You're probably treating a list of elements like a single element. Did you call find_all() when you meant to call find()?
2026-01-24 21:20:52.940 [DEBUG] Starting new HTTPS connection (1): lms.bsuir.by:443
2026-01-24 21:20:53.289 [DEBUG] https://lms.bsuir.by:443 "POST /login/index.php HTTP/1.1" 303 1707
2026-01-24 21:20:53.408 [DEBUG] https://lms.bsuir.by:443 "GET /login/index.php?testsession=30091 HTTP/1.1" 303 1674
2026-01-24 21:20:53.870 [DEBUG] https://lms.bsuir.by:443 "GET / HTTP/1.1" 200 22785
2026-01-24 21:25:37.291 [DEBUG] Starting new HTTPS connection (1): lms.bsuir.by:443
2026-01-24 21:25:37.710 [DEBUG] https://lms.bsuir.by:443 "POST /login/index.php HTTP/1.1" 303 1707
2026-01-24 21:25:37.947 [DEBUG] https://lms.bsuir.by:443 "GET /login/index.php?testsession=30091 HTTP/1.1" 303 1674
2026-01-24 21:25:38.500 [DEBUG] https://lms.bsuir.by:443 "GET / HTTP/1.1" 200 22791
2026-01-24 21:25:55.711 [DEBUG] Starting new HTTPS connection (1): lms.bsuir.by:443
2026-01-24 21:25:56.058 [DEBUG] https://lms.bsuir.by:443 "POST /login/index.php HTTP/1.1" 303 1707
2026-01-24 21:25:56.189 [DEBUG] https://lms.bsuir.by:443 "GET /login/index.php?testsession=30091 HTTP/1.1" 303 1674
2026-01-24 21:25:56.675 [DEBUG] https://lms.bsuir.by:443 "GET / HTTP/1.1" 200 22785
2026-01-24 21:26:02.556 [DEBUG] Starting new HTTPS connection (1): lms.bsuir.by:443
2026-01-24 21:26:02.921 [DEBUG] https://lms.bsuir.by:443 "POST /login/index.php HTTP/1.1" 303 1707
2026-01-24 21:26:03.146 [DEBUG] https://lms.bsuir.by:443 "GET /login/index.php?testsession=30091 HTTP/1.1" 303 1674
2026-01-24 21:26:03.688 [DEBUG] https://lms.bsuir.by:443 "GET / HTTP/1.1" 200 22790
2026-01-24 22:58:19.885 [DEBUG] Starting new HTTPS connection (1): lms.bsuir.by:443
2026-01-24 22:58:20.346 [DEBUG] https://lms.bsuir.by:443 "POST /login/index.php HTTP/1.1" 303 1707
2026-01-24 22:58:20.503 [DEBUG] https://lms.bsuir.by:443 "GET /login/index.php?testsession=30091 HTTP/1.1" 303 1674
2026-01-24 22:58:21.027 [DEBUG] https://lms.bsuir.by:443 "GET / HTTP/1.1" 200 22786
2026-01-24 22:58:39.693 [DEBUG] Starting new HTTPS connection (1): lms.bsuir.by:443
2026-01-24 22:58:40.004 [DEBUG] https://lms.bsuir.by:443 "POST /login/index.php HTTP/1.1" 303 1707
2026-01-24 22:58:40.106 [DEBUG] https://lms.bsuir.by:443 "GET /login/index.php?testsession=30091 HTTP/1.1" 303 1674
2026-01-24 22:58:40.559 [DEBUG] https://lms.bsuir.by:443 "GET / HTTP/1.1" 200 22782
2026-01-24 23:01:34.845 [DEBUG] Starting new HTTPS connection (1): lms.bsuir.by:443
2026-01-24 23:01:35.653 [DEBUG] https://lms.bsuir.by:443 "POST /login/index.php HTTP/1.1" 303 1707
2026-01-24 23:01:35.749 [DEBUG] https://lms.bsuir.by:443 "GET /login/index.php?testsession=30091 HTTP/1.1" 303 1674
2026-01-24 23:01:36.209 [DEBUG] https://lms.bsuir.by:443 "GET / HTTP/1.1" 200 22789
2026-01-24 23:01:49.478 [DEBUG] Starting new HTTPS connection (1): lms.bsuir.by:443
2026-01-24 23:01:49.825 [DEBUG] https://lms.bsuir.by:443 "POST /login/index.php HTTP/1.1" 303 1707
2026-01-24 23:01:49.938 [DEBUG] https://lms.bsuir.by:443 "GET /login/index.php?testsession=30091 HTTP/1.1" 303 1674
2026-01-24 23:01:50.386 [DEBUG] https://lms.bsuir.by:443 "GET / HTTP/1.1" 200 22788
2026-01-24 23:03:09.282 [DEBUG] Starting new HTTPS connection (1): lms.bsuir.by:443
2026-01-24 23:03:10.412 [DEBUG] https://lms.bsuir.by:443 "POST /login/index.php HTTP/1.1" 303 1707
2026-01-24 23:03:10.627 [DEBUG] https://lms.bsuir.by:443 "GET /login/index.php?testsession=30091 HTTP/1.1" 303 1674
2026-01-24 23:03:11.206 [DEBUG] https://lms.bsuir.by:443 "GET / HTTP/1.1" 200 22783
2026-01-24 23:03:25.915 [DEBUG] Starting new HTTPS connection (1): lms.bsuir.by:443
2026-01-24 23:03:27.577 [DEBUG] https://lms.bsuir.by:443 "POST /login/index.php HTTP/1.1" 303 1707
2026-01-24 23:03:27.730 [DEBUG] https://lms.bsuir.by:443 "GET /login/index.php?testsession=30091 HTTP/1.1" 303 1674
2026-01-24 23:03:28.199 [DEBUG] https://lms.bsuir.by:443 "GET / HTTP/1.1" 200 22785
2026-01-24 23:07:29.341 [DEBUG] Starting new HTTPS connection (1): lms.bsuir.by:443
2026-01-24 23:07:29.626 [DEBUG] https://lms.bsuir.by:443 "POST /login/index.php HTTP/1.1" 303 1707
2026-01-24 23:07:29.724 [DEBUG] https://lms.bsuir.by:443 "GET /login/index.php?testsession=30091 HTTP/1.1" 303 1674
2026-01-24 23:07:30.208 [DEBUG] https://lms.bsuir.by:443 "GET / HTTP/1.1" 200 22795
2026-01-24 23:20:22.196 [DEBUG] Starting new HTTPS connection (1): lms.bsuir.by:443
2026-01-24 23:20:23.325 [DEBUG] https://lms.bsuir.by:443 "POST /login/index.php HTTP/1.1" 303 1707
2026-01-24 23:20:23.495 [DEBUG] https://lms.bsuir.by:443 "GET /login/index.php?testsession=30091 HTTP/1.1" 303 1674
2026-01-24 23:20:24.088 [DEBUG] https://lms.bsuir.by:443 "GET / HTTP/1.1" 200 22795
2026-01-24 23:20:24.642 [DEBUG] https://lms.bsuir.by:443 "GET /course/view.php?id=5369 HTTP/1.1" 200 27002
2026-01-24 23:20:25.333 [DEBUG] https://lms.bsuir.by:443 "GET /course/view.php?id=5892 HTTP/1.1" 200 35239
2026-01-24 23:20:25.873 [DEBUG] https://lms.bsuir.by:443 "GET /course/view.php?id=8815 HTTP/1.1" 200 21806
2026-01-24 23:20:26.528 [DEBUG] https://lms.bsuir.by:443 "GET /course/view.php?id=8736 HTTP/1.1" 200 24811
2026-01-24 23:20:27.026 [DEBUG] https://lms.bsuir.by:443 "GET /course/view.php?id=7833 HTTP/1.1" 200 22042
2026-01-24 23:20:27.449 [DEBUG] https://lms.bsuir.by:443 "GET /course/view.php?id=8658 HTTP/1.1" 200 22148
2026-01-24 23:20:27.998 [DEBUG] https://lms.bsuir.by:443 "GET /course/view.php?id=7475 HTTP/1.1" 200 27665
2026-01-24 23:20:28.500 [DEBUG] https://lms.bsuir.by:443 "GET /course/view.php?id=5894 HTTP/1.1" 200 22168
2026-01-24 23:20:29.239 [DEBUG] https://lms.bsuir.by:443 "GET /course/view.php?id=2703 HTTP/1.1" 200 39090
2026-01-24 23:20:29.783 [DEBUG] https://lms.bsuir.by:443 "GET /course/view.php?id=9766 HTTP/1.1" 200 22119
2026-01-24 23:20:30.217 [DEBUG] https://lms.bsuir.by:443 "GET /course/view.php?id=7164 HTTP/1.1" 200 22087
2026-01-24 23:20:30.742 [DEBUG] https://lms.bsuir.by:443 "GET /course/view.php?id=9149 HTTP/1.1" 200 22077
2026-01-24 23:21:28.454 [DEBUG] Starting new HTTPS connection (1): lms.bsuir.by:443
2026-01-24 23:21:28.951 [DEBUG] https://lms.bsuir.by:443 "POST /login/index.php HTTP/1.1" 303 1707
2026-01-24 23:21:29.106 [DEBUG] https://lms.bsuir.by:443 "GET /login/index.php?testsession=30091 HTTP/1.1" 303 1674
2026-01-24 23:21:29.622 [DEBUG] https://lms.bsuir.by:443 "GET / HTTP/1.1" 200 22792
2026-01-24 23:21:30.216 [DEBUG] https://lms.bsuir.by:443 "GET /course/view.php?id=5369 HTTP/1.1" 200 27004
2026-01-24 23:21:30.973 [DEBUG] https://lms.bsuir.by:443 "GET /course/view.php?id=5892 HTTP/1.1" 200 35236
2026-01-24 23:21:31.555 [DEBUG] https://lms.bsuir.by:443 "GET /course/view.php?id=8815 HTTP/1.1" 200 21806
2026-01-24 23:21:32.105 [DEBUG] https://lms.bsuir.by:443 "GET /course/view.php?id=8736 HTTP/1.1" 200 24812
2026-01-24 23:21:32.536 [DEBUG] https://lms.bsuir.by:443 "GET /course/view.php?id=7833 HTTP/1.1" 200 22052
2026-01-24 23:21:33.030 [DEBUG] https://lms.bsuir.by:443 "GET /course/view.php?id=8658 HTTP/1.1" 200 22152
2026-01-24 23:21:33.611 [DEBUG] https://lms.bsuir.by:443 "GET /course/view.php?id=7475 HTTP/1.1" 200 27666
2026-01-24 23:21:34.119 [DEBUG] https://lms.bsuir.by:443 "GET /course/view.php?id=5894 HTTP/1.1" 200 22158
2026-01-24 23:21:34.832 [DEBUG] https://lms.bsuir.by:443 "GET /course/view.php?id=2703 HTTP/1.1" 200 39088
2026-01-24 23:21:35.350 [DEBUG] https://lms.bsuir.by:443 "GET /course/view.php?id=9766 HTTP/1.1" 200 22115
2026-01-24 23:21:35.797 [DEBUG] https://lms.bsuir.by:443 "GET /course/view.php?id=7164 HTTP/1.1" 200 22093
2026-01-24 23:21:36.268 [DEBUG] https://lms.bsuir.by:443 "GET /course/view.php?id=9149 HTTP/1.1" 200 22074
2026-01-24 23:22:26.383 [DEBUG] Starting new HTTPS connection (1): lms.bsuir.by:443
2026-01-24 23:22:27.959 [DEBUG] https://lms.bsuir.by:443 "POST /login/index.php HTTP/1.1" 303 1707
2026-01-24 23:22:28.113 [DEBUG] https://lms.bsuir.by:443 "GET /login/index.php?testsession=30091 HTTP/1.1" 303 1674
2026-01-24 23:22:28.645 [DEBUG] https://lms.bsuir.by:443 "GET / HTTP/1.1" 200 22790
2026-01-24 23:22:29.255 [DEBUG] https://lms.bsuir.by:443 "GET /course/view.php?id=5369 HTTP/1.1" 200 27013
2026-01-24 23:22:29.380 [CRITICAL] Uncaught exception
Traceback (most recent call last):
  File "C:\Users\User\PycharmProjects\Program_sol\src\services\find_test.py", line 31, in <module>
    print(s2.get("id"))
          ^^^^^^
AttributeError: 'NoneType' object has no attribute 'get'
2026-01-24 23:22:54.468 [DEBUG] Starting new HTTPS connection (1): lms.bsuir.by:443
2026-01-24 23:22:54.856 [DEBUG] https://lms.bsuir.by:443 "POST /login/index.php HTTP/1.1" 303 1707
2026-01-24 23:22:54.986 [DEBUG] https://lms.bsuir.by:443 "GET /login/index.php?testsession=30091 HTTP/1.1" 303 1674
2026-01-24 23:22:55.465 [DEBUG] https://lms.bsuir.by:443 "GET / HTTP/1.1" 200 22788
2026-01-24 23:22:55.999 [DEBUG] https://lms.bsuir.by:443 "GET /course/view.php?id=5369 HTTP/1.1" 200 27000
2026-01-24 23:22:56.101 [CRITICAL] Uncaught exception
Traceback (most recent call last):
  File "C:\Users\User\PycharmProjects\Program_sol\src\services\find_test.py", line 30, in <module>
    s2=soup2.find(class_="activity activity-wrapper quiz modtype_quiz  hasinfo ").get("id")
       ^^^^^^^^^^^^^^^^^^^^^^^^^^^^^^^^^^^^^^^^^^^^^^^^^^^^^^^^^^^^^^^^^^^^^^^^^^^^^^
AttributeError: 'NoneType' object has no attribute 'get'
2026-01-24 23:24:12.774 [DEBUG] Starting new HTTPS connection (1): lms.bsuir.by:443
2026-01-24 23:24:13.103 [DEBUG] https://lms.bsuir.by:443 "POST /login/index.php HTTP/1.1" 303 1707
2026-01-24 23:24:13.212 [DEBUG] https://lms.bsuir.by:443 "GET /login/index.php?testsession=30091 HTTP/1.1" 303 1674
2026-01-24 23:24:13.710 [DEBUG] https://lms.bsuir.by:443 "GET / HTTP/1.1" 200 22795
2026-01-24 23:24:14.333 [DEBUG] https://lms.bsuir.by:443 "GET /course/view.php?id=5369 HTTP/1.1" 200 26997
2026-01-24 23:24:15.171 [DEBUG] https://lms.bsuir.by:443 "GET /course/view.php?id=5892 HTTP/1.1" 200 35225
2026-01-24 23:24:15.767 [DEBUG] https://lms.bsuir.by:443 "GET /course/view.php?id=8815 HTTP/1.1" 200 21802
2026-01-24 23:24:16.304 [DEBUG] https://lms.bsuir.by:443 "GET /course/view.php?id=8736 HTTP/1.1" 200 24806
2026-01-24 23:24:16.773 [DEBUG] https://lms.bsuir.by:443 "GET /course/view.php?id=7833 HTTP/1.1" 200 22049
2026-01-24 23:24:17.214 [DEBUG] https://lms.bsuir.by:443 "GET /course/view.php?id=8658 HTTP/1.1" 200 22141
2026-01-24 23:24:17.780 [DEBUG] https://lms.bsuir.by:443 "GET /course/view.php?id=7475 HTTP/1.1" 200 27649
2026-01-24 23:24:18.259 [DEBUG] https://lms.bsuir.by:443 "GET /course/view.php?id=5894 HTTP/1.1" 200 22153
2026-01-24 23:24:19.001 [DEBUG] https://lms.bsuir.by:443 "GET /course/view.php?id=2703 HTTP/1.1" 200 39080
2026-01-24 23:24:19.621 [DEBUG] https://lms.bsuir.by:443 "GET /course/view.php?id=9766 HTTP/1.1" 200 22111
2026-01-24 23:24:20.110 [DEBUG] https://lms.bsuir.by:443 "GET /course/view.php?id=7164 HTTP/1.1" 200 22082
2026-01-24 23:24:20.545 [DEBUG] https://lms.bsuir.by:443 "GET /course/view.php?id=9149 HTTP/1.1" 200 22068
2026-01-24 23:26:40.476 [DEBUG] Starting new HTTPS connection (1): lms.bsuir.by:443
2026-01-24 23:26:42.013 [DEBUG] https://lms.bsuir.by:443 "POST /login/index.php HTTP/1.1" 303 1707
2026-01-24 23:26:42.199 [DEBUG] https://lms.bsuir.by:443 "GET /login/index.php?testsession=30091 HTTP/1.1" 303 1674
2026-01-24 23:26:42.728 [DEBUG] https://lms.bsuir.by:443 "GET / HTTP/1.1" 200 22791
2026-01-24 23:26:43.317 [DEBUG] https://lms.bsuir.by:443 "GET /course/view.php?id=5369 HTTP/1.1" 200 27010
2026-01-24 23:26:43.996 [DEBUG] https://lms.bsuir.by:443 "GET /course/view.php?id=5892 HTTP/1.1" 200 35234
2026-01-24 23:26:44.480 [DEBUG] https://lms.bsuir.by:443 "GET /course/view.php?id=8815 HTTP/1.1" 200 21802
2026-01-24 23:26:44.997 [DEBUG] https://lms.bsuir.by:443 "GET /course/view.php?id=8736 HTTP/1.1" 200 24810
2026-01-24 23:26:45.533 [DEBUG] https://lms.bsuir.by:443 "GET /course/view.php?id=7833 HTTP/1.1" 200 22048
2026-01-24 23:26:46.026 [DEBUG] https://lms.bsuir.by:443 "GET /course/view.php?id=8658 HTTP/1.1" 200 22145
2026-01-24 23:26:46.606 [DEBUG] https://lms.bsuir.by:443 "GET /course/view.php?id=7475 HTTP/1.1" 200 27662
2026-01-24 23:26:47.140 [DEBUG] https://lms.bsuir.by:443 "GET /course/view.php?id=5894 HTTP/1.1" 200 22159
2026-01-24 23:26:47.886 [DEBUG] https://lms.bsuir.by:443 "GET /course/view.php?id=2703 HTTP/1.1" 200 39086
2026-01-24 23:26:48.399 [DEBUG] https://lms.bsuir.by:443 "GET /course/view.php?id=9766 HTTP/1.1" 200 22111
2026-01-24 23:26:48.847 [DEBUG] https://lms.bsuir.by:443 "GET /course/view.php?id=7164 HTTP/1.1" 200 22089
2026-01-24 23:26:49.367 [DEBUG] https://lms.bsuir.by:443 "GET /course/view.php?id=9149 HTTP/1.1" 200 22071
2026-01-24 23:27:41.159 [DEBUG] Starting new HTTPS connection (1): lms.bsuir.by:443
2026-01-24 23:27:42.442 [DEBUG] https://lms.bsuir.by:443 "POST /login/index.php HTTP/1.1" 303 1707
2026-01-24 23:27:42.633 [DEBUG] https://lms.bsuir.by:443 "GET /login/index.php?testsession=30091 HTTP/1.1" 303 1674
2026-01-24 23:27:43.184 [DEBUG] https://lms.bsuir.by:443 "GET / HTTP/1.1" 200 22787
2026-01-24 23:27:43.804 [DEBUG] https://lms.bsuir.by:443 "GET /course/view.php?id=5369 HTTP/1.1" 200 27007
2026-01-24 23:27:43.899 [CRITICAL] Uncaught exception
Traceback (most recent call last):
  File "C:\Users\User\PycharmProjects\Program_sol\src\services\find_test.py", line 30, in <module>
    s2=soup2.find(class_=re.compile("quiz")).get("id")
       ^^^^^^^^^^^^^^^^^^^^^^^^^^^^^^^^^^^^^^^^^
AttributeError: 'NoneType' object has no attribute 'get'
2026-01-24 23:28:23.055 [DEBUG] Starting new HTTPS connection (1): lms.bsuir.by:443
2026-01-24 23:28:23.489 [DEBUG] https://lms.bsuir.by:443 "POST /login/index.php HTTP/1.1" 303 1707
2026-01-24 23:28:23.698 [DEBUG] https://lms.bsuir.by:443 "GET /login/index.php?testsession=30091 HTTP/1.1" 303 1674
2026-01-24 23:28:24.231 [DEBUG] https://lms.bsuir.by:443 "GET / HTTP/1.1" 200 22791
2026-01-24 23:28:24.862 [DEBUG] https://lms.bsuir.by:443 "GET /course/view.php?id=5369 HTTP/1.1" 200 27006
2026-01-24 23:28:25.665 [DEBUG] https://lms.bsuir.by:443 "GET /course/view.php?id=5892 HTTP/1.1" 200 35235
2026-01-24 23:28:26.320 [DEBUG] https://lms.bsuir.by:443 "GET /course/view.php?id=8815 HTTP/1.1" 200 21802
2026-01-24 23:28:27.200 [DEBUG] https://lms.bsuir.by:443 "GET /course/view.php?id=8736 HTTP/1.1" 200 24813
2026-01-24 23:28:27.682 [DEBUG] https://lms.bsuir.by:443 "GET /course/view.php?id=7833 HTTP/1.1" 200 22056
2026-01-24 23:28:28.183 [DEBUG] https://lms.bsuir.by:443 "GET /course/view.php?id=8658 HTTP/1.1" 200 22151
2026-01-24 23:28:28.840 [DEBUG] https://lms.bsuir.by:443 "GET /course/view.php?id=7475 HTTP/1.1" 200 27656
2026-01-24 23:28:29.313 [DEBUG] https://lms.bsuir.by:443 "GET /course/view.php?id=5894 HTTP/1.1" 200 22159
2026-01-24 23:28:30.036 [DEBUG] https://lms.bsuir.by:443 "GET /course/view.php?id=2703 HTTP/1.1" 200 39091
2026-01-24 23:28:30.611 [DEBUG] https://lms.bsuir.by:443 "GET /course/view.php?id=9766 HTTP/1.1" 200 22110
2026-01-24 23:28:31.069 [DEBUG] https://lms.bsuir.by:443 "GET /course/view.php?id=7164 HTTP/1.1" 200 22085
2026-01-24 23:28:31.508 [DEBUG] https://lms.bsuir.by:443 "GET /course/view.php?id=9149 HTTP/1.1" 200 22074
2026-01-24 23:29:32.528 [DEBUG] Starting new HTTPS connection (1): lms.bsuir.by:443
2026-01-24 23:29:32.844 [DEBUG] https://lms.bsuir.by:443 "POST /login/index.php HTTP/1.1" 303 1707
2026-01-24 23:29:33.011 [DEBUG] https://lms.bsuir.by:443 "GET /login/index.php?testsession=30091 HTTP/1.1" 303 1674
2026-01-24 23:29:33.523 [DEBUG] https://lms.bsuir.by:443 "GET / HTTP/1.1" 200 22792
2026-01-24 23:29:34.145 [DEBUG] https://lms.bsuir.by:443 "GET /course/view.php?id=5369 HTTP/1.1" 200 27003
2026-01-24 23:29:34.846 [DEBUG] https://lms.bsuir.by:443 "GET /course/view.php?id=5892 HTTP/1.1" 200 35239
2026-01-24 23:29:35.327 [DEBUG] https://lms.bsuir.by:443 "GET /course/view.php?id=8815 HTTP/1.1" 200 21805
2026-01-24 23:29:35.883 [DEBUG] https://lms.bsuir.by:443 "GET /course/view.php?id=8736 HTTP/1.1" 200 24808
2026-01-24 23:29:36.324 [DEBUG] https://lms.bsuir.by:443 "GET /course/view.php?id=7833 HTTP/1.1" 200 22054
2026-01-24 23:29:36.741 [DEBUG] https://lms.bsuir.by:443 "GET /course/view.php?id=8658 HTTP/1.1" 200 22143
2026-01-24 23:29:37.302 [DEBUG] https://lms.bsuir.by:443 "GET /course/view.php?id=7475 HTTP/1.1" 200 27664
2026-01-24 23:29:37.748 [DEBUG] https://lms.bsuir.by:443 "GET /course/view.php?id=5894 HTTP/1.1" 200 22164
2026-01-24 23:29:38.419 [DEBUG] https://lms.bsuir.by:443 "GET /course/view.php?id=2703 HTTP/1.1" 200 39088
2026-01-24 23:29:38.935 [DEBUG] https://lms.bsuir.by:443 "GET /course/view.php?id=9766 HTTP/1.1" 200 22111
2026-01-24 23:29:39.395 [DEBUG] https://lms.bsuir.by:443 "GET /course/view.php?id=7164 HTTP/1.1" 200 22090
2026-01-24 23:29:39.878 [DEBUG] https://lms.bsuir.by:443 "GET /course/view.php?id=9149 HTTP/1.1" 200 22081
2026-01-24 23:29:59.239 [DEBUG] Starting new HTTPS connection (1): lms.bsuir.by:443
2026-01-24 23:30:00.312 [DEBUG] https://lms.bsuir.by:443 "POST /login/index.php HTTP/1.1" 303 1707
2026-01-24 23:30:00.405 [DEBUG] https://lms.bsuir.by:443 "GET /login/index.php?testsession=30091 HTTP/1.1" 303 1674
2026-01-24 23:30:00.867 [DEBUG] https://lms.bsuir.by:443 "GET / HTTP/1.1" 200 22793
2026-01-24 23:30:01.424 [DEBUG] https://lms.bsuir.by:443 "GET /course/view.php?id=5369 HTTP/1.1" 200 27005
2026-01-24 23:30:02.089 [DEBUG] https://lms.bsuir.by:443 "GET /course/view.php?id=5892 HTTP/1.1" 200 35239
2026-01-24 23:30:02.486 [DEBUG] https://lms.bsuir.by:443 "GET /course/view.php?id=8815 HTTP/1.1" 200 21806
2026-01-24 23:30:03.006 [DEBUG] https://lms.bsuir.by:443 "GET /course/view.php?id=8736 HTTP/1.1" 200 24811
2026-01-24 23:30:03.407 [DEBUG] https://lms.bsuir.by:443 "GET /course/view.php?id=7833 HTTP/1.1" 200 22050
2026-01-24 23:30:03.785 [DEBUG] https://lms.bsuir.by:443 "GET /course/view.php?id=8658 HTTP/1.1" 200 22149
2026-01-24 23:30:04.265 [DEBUG] https://lms.bsuir.by:443 "GET /course/view.php?id=7475 HTTP/1.1" 200 27657
2026-01-24 23:30:04.677 [DEBUG] https://lms.bsuir.by:443 "GET /course/view.php?id=5894 HTTP/1.1" 200 22159
2026-01-24 23:30:05.320 [DEBUG] https://lms.bsuir.by:443 "GET /course/view.php?id=2703 HTTP/1.1" 200 39094
2026-01-24 23:30:05.811 [DEBUG] https://lms.bsuir.by:443 "GET /course/view.php?id=9766 HTTP/1.1" 200 22115
2026-01-24 23:30:06.218 [DEBUG] https://lms.bsuir.by:443 "GET /course/view.php?id=7164 HTTP/1.1" 200 22087
2026-01-24 23:30:06.620 [DEBUG] https://lms.bsuir.by:443 "GET /course/view.php?id=9149 HTTP/1.1" 200 22078
2026-01-24 23:35:44.061 [DEBUG] Starting new HTTPS connection (1): lms.bsuir.by:443
2026-01-24 23:35:44.409 [DEBUG] https://lms.bsuir.by:443 "POST /login/index.php HTTP/1.1" 303 1707
2026-01-24 23:35:44.557 [DEBUG] https://lms.bsuir.by:443 "GET /login/index.php?testsession=30091 HTTP/1.1" 303 1674
2026-01-24 23:35:45.024 [DEBUG] https://lms.bsuir.by:443 "GET / HTTP/1.1" 200 22788
2026-01-24 23:35:45.598 [DEBUG] https://lms.bsuir.by:443 "GET /course/view.php?id=5369 HTTP/1.1" 200 27004
2026-01-24 23:35:46.303 [DEBUG] https://lms.bsuir.by:443 "GET /course/view.php?id=5892 HTTP/1.1" 200 35238
2026-01-24 23:35:46.800 [DEBUG] https://lms.bsuir.by:443 "GET /course/view.php?id=8815 HTTP/1.1" 200 21809
2026-01-24 23:35:47.324 [DEBUG] https://lms.bsuir.by:443 "GET /course/view.php?id=8736 HTTP/1.1" 200 24810
2026-01-24 23:35:47.828 [DEBUG] https://lms.bsuir.by:443 "GET /course/view.php?id=7833 HTTP/1.1" 200 22060
2026-01-24 23:35:48.226 [DEBUG] https://lms.bsuir.by:443 "GET /course/view.php?id=8658 HTTP/1.1" 200 22153
2026-01-24 23:35:48.747 [DEBUG] https://lms.bsuir.by:443 "GET /course/view.php?id=7475 HTTP/1.1" 200 27657
2026-01-24 23:35:49.177 [DEBUG] https://lms.bsuir.by:443 "GET /course/view.php?id=5894 HTTP/1.1" 200 22159
2026-01-24 23:35:49.840 [DEBUG] https://lms.bsuir.by:443 "GET /course/view.php?id=2703 HTTP/1.1" 200 39089
2026-01-24 23:35:50.357 [DEBUG] https://lms.bsuir.by:443 "GET /course/view.php?id=9766 HTTP/1.1" 200 22115
2026-01-24 23:35:50.771 [DEBUG] https://lms.bsuir.by:443 "GET /course/view.php?id=7164 HTTP/1.1" 200 22087
2026-01-24 23:35:51.180 [DEBUG] https://lms.bsuir.by:443 "GET /course/view.php?id=9149 HTTP/1.1" 200 22075
2026-01-24 23:38:29.252 [DEBUG] Starting new HTTPS connection (1): lms.bsuir.by:443
2026-01-24 23:38:29.611 [DEBUG] https://lms.bsuir.by:443 "POST /login/index.php HTTP/1.1" 303 1707
2026-01-24 23:38:29.796 [DEBUG] https://lms.bsuir.by:443 "GET /login/index.php?testsession=30091 HTTP/1.1" 303 1674
2026-01-24 23:38:30.306 [DEBUG] https://lms.bsuir.by:443 "GET / HTTP/1.1" 200 22794
2026-01-24 23:38:30.870 [DEBUG] https://lms.bsuir.by:443 "GET /course/view.php?id=5369 HTTP/1.1" 200 26997
2026-01-24 23:38:31.577 [DEBUG] https://lms.bsuir.by:443 "GET /course/view.php?id=5892 HTTP/1.1" 200 35236
2026-01-24 23:38:32.102 [DEBUG] https://lms.bsuir.by:443 "GET /course/view.php?id=8815 HTTP/1.1" 200 21807
2026-01-24 23:38:32.667 [DEBUG] https://lms.bsuir.by:443 "GET /course/view.php?id=8736 HTTP/1.1" 200 24812
2026-01-24 23:38:33.122 [DEBUG] https://lms.bsuir.by:443 "GET /course/view.php?id=7833 HTTP/1.1" 200 22051
2026-01-24 23:38:33.598 [DEBUG] https://lms.bsuir.by:443 "GET /course/view.php?id=8658 HTTP/1.1" 200 22148
2026-01-24 23:38:34.200 [DEBUG] https://lms.bsuir.by:443 "GET /course/view.php?id=7475 HTTP/1.1" 200 27659
2026-01-24 23:38:34.699 [DEBUG] https://lms.bsuir.by:443 "GET /course/view.php?id=5894 HTTP/1.1" 200 22153
2026-01-24 23:38:35.506 [DEBUG] https://lms.bsuir.by:443 "GET /course/view.php?id=2703 HTTP/1.1" 200 39085
2026-01-24 23:38:36.288 [DEBUG] https://lms.bsuir.by:443 "GET /course/view.php?id=9766 HTTP/1.1" 200 22113
2026-01-24 23:38:36.891 [DEBUG] https://lms.bsuir.by:443 "GET /course/view.php?id=7164 HTTP/1.1" 200 22087
2026-01-24 23:38:37.482 [DEBUG] https://lms.bsuir.by:443 "GET /course/view.php?id=9149 HTTP/1.1" 200 22075
2026-01-24 23:40:54.139 [DEBUG] Starting new HTTPS connection (1): lms.bsuir.by:443
2026-01-24 23:40:54.506 [DEBUG] https://lms.bsuir.by:443 "POST /login/index.php HTTP/1.1" 303 1707
2026-01-24 23:40:54.646 [DEBUG] https://lms.bsuir.by:443 "GET /login/index.php?testsession=30091 HTTP/1.1" 303 1674
2026-01-24 23:40:55.137 [DEBUG] https://lms.bsuir.by:443 "GET / HTTP/1.1" 200 22790
2026-01-24 23:40:55.690 [DEBUG] https://lms.bsuir.by:443 "GET /course/view.php?id=5369 HTTP/1.1" 200 27003
2026-01-24 23:40:56.366 [DEBUG] https://lms.bsuir.by:443 "GET /course/view.php?id=5892 HTTP/1.1" 200 35227
2026-01-24 23:40:56.866 [DEBUG] https://lms.bsuir.by:443 "GET /course/view.php?id=8815 HTTP/1.1" 200 21809
2026-01-24 23:40:57.410 [DEBUG] https://lms.bsuir.by:443 "GET /course/view.php?id=8736 HTTP/1.1" 200 24816
2026-01-24 23:40:57.871 [DEBUG] https://lms.bsuir.by:443 "GET /course/view.php?id=7833 HTTP/1.1" 200 22053
2026-01-24 23:40:58.297 [DEBUG] https://lms.bsuir.by:443 "GET /course/view.php?id=8658 HTTP/1.1" 200 22148
2026-01-24 23:40:58.836 [DEBUG] https://lms.bsuir.by:443 "GET /course/view.php?id=7475 HTTP/1.1" 200 27663
2026-01-24 23:40:59.259 [DEBUG] https://lms.bsuir.by:443 "GET /course/view.php?id=5894 HTTP/1.1" 200 22153
2026-01-24 23:40:59.931 [DEBUG] https://lms.bsuir.by:443 "GET /course/view.php?id=2703 HTTP/1.1" 200 39088
2026-01-24 23:41:00.483 [DEBUG] https://lms.bsuir.by:443 "GET /course/view.php?id=9766 HTTP/1.1" 200 22114
2026-01-24 23:41:00.883 [DEBUG] https://lms.bsuir.by:443 "GET /course/view.php?id=7164 HTTP/1.1" 200 22097
2026-01-24 23:41:01.293 [DEBUG] https://lms.bsuir.by:443 "GET /course/view.php?id=9149 HTTP/1.1" 200 22074
2026-01-24 23:41:17.154 [DEBUG] Starting new HTTPS connection (1): lms.bsuir.by:443
2026-01-24 23:41:18.125 [DEBUG] https://lms.bsuir.by:443 "POST /login/index.php HTTP/1.1" 303 1707
2026-01-24 23:41:18.241 [DEBUG] https://lms.bsuir.by:443 "GET /login/index.php?testsession=30091 HTTP/1.1" 303 1674
2026-01-24 23:41:18.725 [DEBUG] https://lms.bsuir.by:443 "GET / HTTP/1.1" 200 22789
2026-01-24 23:41:19.260 [DEBUG] https://lms.bsuir.by:443 "GET /course/view.php?id=5369 HTTP/1.1" 200 27001
2026-01-24 23:41:19.901 [DEBUG] https://lms.bsuir.by:443 "GET /course/view.php?id=5892 HTTP/1.1" 200 35236
2026-01-24 23:41:20.377 [DEBUG] https://lms.bsuir.by:443 "GET /course/view.php?id=8815 HTTP/1.1" 200 21808
2026-01-24 23:41:20.912 [DEBUG] https://lms.bsuir.by:443 "GET /course/view.php?id=8736 HTTP/1.1" 200 24808
2026-01-24 23:41:21.331 [DEBUG] https://lms.bsuir.by:443 "GET /course/view.php?id=7833 HTTP/1.1" 200 22048
2026-01-24 23:41:21.715 [DEBUG] https://lms.bsuir.by:443 "GET /course/view.php?id=8658 HTTP/1.1" 200 22154
2026-01-24 23:41:22.242 [DEBUG] https://lms.bsuir.by:443 "GET /course/view.php?id=7475 HTTP/1.1" 200 27657
2026-01-24 23:41:22.646 [DEBUG] https://lms.bsuir.by:443 "GET /course/view.php?id=5894 HTTP/1.1" 200 22167
2026-01-24 23:41:23.329 [DEBUG] https://lms.bsuir.by:443 "GET /course/view.php?id=2703 HTTP/1.1" 200 39089
2026-01-24 23:41:23.813 [DEBUG] https://lms.bsuir.by:443 "GET /course/view.php?id=9766 HTTP/1.1" 200 22115
2026-01-24 23:41:24.213 [DEBUG] https://lms.bsuir.by:443 "GET /course/view.php?id=7164 HTTP/1.1" 200 22092
2026-01-24 23:41:24.609 [DEBUG] https://lms.bsuir.by:443 "GET /course/view.php?id=9149 HTTP/1.1" 200 22074
2026-01-24 23:41:55.147 [DEBUG] Starting new HTTPS connection (1): lms.bsuir.by:443
2026-01-24 23:41:55.457 [DEBUG] https://lms.bsuir.by:443 "POST /login/index.php HTTP/1.1" 303 1707
2026-01-24 23:41:55.566 [DEBUG] https://lms.bsuir.by:443 "GET /login/index.php?testsession=30091 HTTP/1.1" 303 1674
2026-01-24 23:41:56.040 [DEBUG] https://lms.bsuir.by:443 "GET / HTTP/1.1" 200 22793
2026-01-24 23:41:56.661 [DEBUG] https://lms.bsuir.by:443 "GET /course/view.php?id=5369 HTTP/1.1" 200 27003
2026-01-24 23:41:57.348 [DEBUG] https://lms.bsuir.by:443 "GET /course/view.php?id=5892 HTTP/1.1" 200 35226
2026-01-24 23:41:57.847 [DEBUG] https://lms.bsuir.by:443 "GET /course/view.php?id=8815 HTTP/1.1" 200 21802
2026-01-24 23:41:58.468 [DEBUG] https://lms.bsuir.by:443 "GET /course/view.php?id=8736 HTTP/1.1" 200 24812
2026-01-24 23:41:58.953 [DEBUG] https://lms.bsuir.by:443 "GET /course/view.php?id=7833 HTTP/1.1" 200 22046
2026-01-24 23:41:59.444 [DEBUG] https://lms.bsuir.by:443 "GET /course/view.php?id=8658 HTTP/1.1" 200 22141
2026-01-24 23:41:59.986 [DEBUG] https://lms.bsuir.by:443 "GET /course/view.php?id=7475 HTTP/1.1" 200 27652
2026-01-24 23:42:00.442 [DEBUG] https://lms.bsuir.by:443 "GET /course/view.php?id=5894 HTTP/1.1" 200 22155
2026-01-24 23:42:01.138 [DEBUG] https://lms.bsuir.by:443 "GET /course/view.php?id=2703 HTTP/1.1" 200 39083
2026-01-24 23:42:01.673 [DEBUG] https://lms.bsuir.by:443 "GET /course/view.php?id=9766 HTTP/1.1" 200 22107
2026-01-24 23:42:02.142 [DEBUG] https://lms.bsuir.by:443 "GET /course/view.php?id=7164 HTTP/1.1" 200 22086
2026-01-24 23:42:02.584 [DEBUG] https://lms.bsuir.by:443 "GET /course/view.php?id=9149 HTTP/1.1" 200 22075
2026-01-24 23:42:22.569 [DEBUG] Starting new HTTPS connection (1): lms.bsuir.by:443
2026-01-24 23:42:23.646 [DEBUG] https://lms.bsuir.by:443 "POST /login/index.php HTTP/1.1" 303 1707
2026-01-24 23:42:23.746 [DEBUG] https://lms.bsuir.by:443 "GET /login/index.php?testsession=30091 HTTP/1.1" 303 1674
2026-01-24 23:42:24.224 [DEBUG] https://lms.bsuir.by:443 "GET / HTTP/1.1" 200 22796
2026-01-24 23:42:24.719 [DEBUG] https://lms.bsuir.by:443 "GET /course/view.php?id=5369 HTTP/1.1" 200 27009
2026-01-24 23:42:25.370 [DEBUG] https://lms.bsuir.by:443 "GET /course/view.php?id=5892 HTTP/1.1" 200 35242
2026-01-24 23:42:25.855 [DEBUG] https://lms.bsuir.by:443 "GET /course/view.php?id=8815 HTTP/1.1" 200 21811
2026-01-24 23:42:26.361 [DEBUG] https://lms.bsuir.by:443 "GET /course/view.php?id=8736 HTTP/1.1" 200 24812
2026-01-24 23:42:26.779 [DEBUG] https://lms.bsuir.by:443 "GET /course/view.php?id=7833 HTTP/1.1" 200 22052
2026-01-24 23:42:27.178 [DEBUG] https://lms.bsuir.by:443 "GET /course/view.php?id=8658 HTTP/1.1" 200 22155
2026-01-24 23:42:27.677 [DEBUG] https://lms.bsuir.by:443 "GET /course/view.php?id=7475 HTTP/1.1" 200 27661
2026-01-24 23:42:28.134 [DEBUG] https://lms.bsuir.by:443 "GET /course/view.php?id=5894 HTTP/1.1" 200 22170
2026-01-24 23:42:28.813 [DEBUG] https://lms.bsuir.by:443 "GET /course/view.php?id=2703 HTTP/1.1" 200 39089
2026-01-24 23:42:29.314 [DEBUG] https://lms.bsuir.by:443 "GET /course/view.php?id=9766 HTTP/1.1" 200 22117
2026-01-24 23:42:29.735 [DEBUG] https://lms.bsuir.by:443 "GET /course/view.php?id=7164 HTTP/1.1" 200 22101
2026-01-24 23:42:30.129 [DEBUG] https://lms.bsuir.by:443 "GET /course/view.php?id=9149 HTTP/1.1" 200 22080
2026-01-24 23:44:11.316 [DEBUG] Starting new HTTPS connection (1): lms.bsuir.by:443
2026-01-24 23:44:12.667 [DEBUG] https://lms.bsuir.by:443 "POST /login/index.php HTTP/1.1" 303 1707
2026-01-24 23:44:12.813 [DEBUG] https://lms.bsuir.by:443 "GET /login/index.php?testsession=30091 HTTP/1.1" 303 1674
2026-01-24 23:44:13.294 [DEBUG] https://lms.bsuir.by:443 "GET / HTTP/1.1" 200 22787
2026-01-24 23:44:13.867 [DEBUG] https://lms.bsuir.by:443 "GET /course/view.php?id=5369 HTTP/1.1" 200 26997
2026-01-24 23:44:14.528 [DEBUG] https://lms.bsuir.by:443 "GET /course/view.php?id=5892 HTTP/1.1" 200 35225
2026-01-24 23:44:15.000 [DEBUG] https://lms.bsuir.by:443 "GET /course/view.php?id=8815 HTTP/1.1" 200 21807
2026-01-24 23:44:15.604 [DEBUG] https://lms.bsuir.by:443 "GET /course/view.php?id=8736 HTTP/1.1" 200 24805
2026-01-24 23:44:16.094 [DEBUG] https://lms.bsuir.by:443 "GET /course/view.php?id=7833 HTTP/1.1" 200 22053
2026-01-24 23:44:16.505 [DEBUG] https://lms.bsuir.by:443 "GET /course/view.php?id=8658 HTTP/1.1" 200 22138
2026-01-24 23:44:17.052 [DEBUG] https://lms.bsuir.by:443 "GET /course/view.php?id=7475 HTTP/1.1" 200 27650
2026-01-24 23:44:17.498 [DEBUG] https://lms.bsuir.by:443 "GET /course/view.php?id=5894 HTTP/1.1" 200 22156
2026-01-24 23:44:18.200 [DEBUG] https://lms.bsuir.by:443 "GET /course/view.php?id=2703 HTTP/1.1" 200 39089
2026-01-24 23:44:18.748 [DEBUG] https://lms.bsuir.by:443 "GET /course/view.php?id=9766 HTTP/1.1" 200 22107
2026-01-24 23:44:19.186 [DEBUG] https://lms.bsuir.by:443 "GET /course/view.php?id=7164 HTTP/1.1" 200 22088
2026-01-24 23:44:19.660 [DEBUG] https://lms.bsuir.by:443 "GET /course/view.php?id=9149 HTTP/1.1" 200 22072
2026-01-24 23:44:52.917 [DEBUG] Starting new HTTPS connection (1): lms.bsuir.by:443
2026-01-24 23:44:53.262 [DEBUG] https://lms.bsuir.by:443 "POST /login/index.php HTTP/1.1" 303 1707
2026-01-24 23:44:53.374 [DEBUG] https://lms.bsuir.by:443 "GET /login/index.php?testsession=30091 HTTP/1.1" 303 1674
2026-01-24 23:44:53.802 [DEBUG] https://lms.bsuir.by:443 "GET / HTTP/1.1" 200 22779
2026-01-24 23:44:54.319 [DEBUG] https://lms.bsuir.by:443 "GET /course/view.php?id=5369 HTTP/1.1" 200 26999
2026-01-24 23:44:55.032 [DEBUG] https://lms.bsuir.by:443 "GET /course/view.php?id=5892 HTTP/1.1" 200 35236
2026-01-24 23:44:55.493 [DEBUG] https://lms.bsuir.by:443 "GET /course/view.php?id=8815 HTTP/1.1" 200 21815
2026-01-24 23:44:56.008 [DEBUG] https://lms.bsuir.by:443 "GET /course/view.php?id=8736 HTTP/1.1" 200 24809
2026-01-24 23:44:56.432 [DEBUG] https://lms.bsuir.by:443 "GET /course/view.php?id=7833 HTTP/1.1" 200 22044
2026-01-24 23:44:56.850 [DEBUG] https://lms.bsuir.by:443 "GET /course/view.php?id=8658 HTTP/1.1" 200 22145
2026-01-24 23:44:57.383 [DEBUG] https://lms.bsuir.by:443 "GET /course/view.php?id=7475 HTTP/1.1" 200 27657
2026-01-24 23:44:57.843 [DEBUG] https://lms.bsuir.by:443 "GET /course/view.php?id=5894 HTTP/1.1" 200 22157
2026-01-24 23:44:58.518 [DEBUG] https://lms.bsuir.by:443 "GET /course/view.php?id=2703 HTTP/1.1" 200 39080
2026-01-24 23:44:58.999 [DEBUG] https://lms.bsuir.by:443 "GET /course/view.php?id=9766 HTTP/1.1" 200 22110
2026-01-24 23:44:59.422 [DEBUG] https://lms.bsuir.by:443 "GET /course/view.php?id=7164 HTTP/1.1" 200 22085
2026-01-24 23:44:59.810 [DEBUG] https://lms.bsuir.by:443 "GET /course/view.php?id=9149 HTTP/1.1" 200 22070
2026-01-24 23:47:23.407 [DEBUG] Starting new HTTPS connection (1): lms.bsuir.by:443
2026-01-24 23:47:23.718 [DEBUG] https://lms.bsuir.by:443 "POST /login/index.php HTTP/1.1" 303 1707
2026-01-24 23:47:23.864 [DEBUG] https://lms.bsuir.by:443 "GET /login/index.php?testsession=30091 HTTP/1.1" 303 1674
2026-01-24 23:47:24.353 [DEBUG] https://lms.bsuir.by:443 "GET / HTTP/1.1" 200 22788
2026-01-24 23:47:24.873 [DEBUG] https://lms.bsuir.by:443 "GET /course/view.php?id=5369 HTTP/1.1" 200 27004
2026-01-24 23:47:25.545 [DEBUG] https://lms.bsuir.by:443 "GET /course/view.php?id=5892 HTTP/1.1" 200 35229
2026-01-24 23:47:26.015 [DEBUG] https://lms.bsuir.by:443 "GET /course/view.php?id=8815 HTTP/1.1" 200 21813
2026-01-24 23:47:26.551 [DEBUG] https://lms.bsuir.by:443 "GET /course/view.php?id=8736 HTTP/1.1" 200 24813
2026-01-24 23:47:26.963 [DEBUG] https://lms.bsuir.by:443 "GET /course/view.php?id=7833 HTTP/1.1" 200 22055
2026-01-24 23:47:27.386 [DEBUG] https://lms.bsuir.by:443 "GET /course/view.php?id=8658 HTTP/1.1" 200 22144
2026-01-24 23:47:27.922 [DEBUG] https://lms.bsuir.by:443 "GET /course/view.php?id=7475 HTTP/1.1" 200 27656
2026-01-24 23:47:28.383 [DEBUG] https://lms.bsuir.by:443 "GET /course/view.php?id=5894 HTTP/1.1" 200 22157
2026-01-24 23:47:29.063 [DEBUG] https://lms.bsuir.by:443 "GET /course/view.php?id=2703 HTTP/1.1" 200 39096
2026-01-24 23:47:29.551 [DEBUG] https://lms.bsuir.by:443 "GET /course/view.php?id=9766 HTTP/1.1" 200 22104
2026-01-24 23:47:29.976 [DEBUG] https://lms.bsuir.by:443 "GET /course/view.php?id=7164 HTTP/1.1" 200 22090
2026-01-24 23:47:30.363 [DEBUG] https://lms.bsuir.by:443 "GET /course/view.php?id=9149 HTTP/1.1" 200 22075
2026-01-24 23:52:03.867 [DEBUG] Starting new HTTPS connection (1): lms.bsuir.by:443
2026-01-24 23:52:04.316 [DEBUG] https://lms.bsuir.by:443 "POST /login/index.php HTTP/1.1" 303 1707
2026-01-24 23:52:04.511 [DEBUG] https://lms.bsuir.by:443 "GET /login/index.php?testsession=30091 HTTP/1.1" 303 1674
2026-01-24 23:52:05.049 [DEBUG] https://lms.bsuir.by:443 "GET / HTTP/1.1" 200 22792
2026-01-24 23:52:05.629 [DEBUG] https://lms.bsuir.by:443 "GET /course/view.php?id=5369 HTTP/1.1" 200 27008
2026-01-24 23:52:06.326 [DEBUG] https://lms.bsuir.by:443 "GET /course/view.php?id=5892 HTTP/1.1" 200 35226
2026-01-24 23:52:06.847 [DEBUG] https://lms.bsuir.by:443 "GET /course/view.php?id=8815 HTTP/1.1" 200 21802
2026-01-24 23:52:07.363 [DEBUG] https://lms.bsuir.by:443 "GET /course/view.php?id=8736 HTTP/1.1" 200 24813
2026-01-24 23:52:07.822 [DEBUG] https://lms.bsuir.by:443 "GET /course/view.php?id=7833 HTTP/1.1" 200 22046
2026-01-24 23:52:08.270 [DEBUG] https://lms.bsuir.by:443 "GET /course/view.php?id=8658 HTTP/1.1" 200 22147
2026-01-24 23:52:08.808 [DEBUG] https://lms.bsuir.by:443 "GET /course/view.php?id=7475 HTTP/1.1" 200 27654
2026-01-24 23:52:09.328 [DEBUG] https://lms.bsuir.by:443 "GET /course/view.php?id=5894 HTTP/1.1" 200 22157
2026-01-24 23:52:10.120 [DEBUG] https://lms.bsuir.by:443 "GET /course/view.php?id=2703 HTTP/1.1" 200 39084
2026-01-24 23:52:10.654 [DEBUG] https://lms.bsuir.by:443 "GET /course/view.php?id=9766 HTTP/1.1" 200 22105
2026-01-24 23:52:11.117 [DEBUG] https://lms.bsuir.by:443 "GET /course/view.php?id=7164 HTTP/1.1" 200 22083
2026-01-24 23:52:11.759 [DEBUG] https://lms.bsuir.by:443 "GET /course/view.php?id=9149 HTTP/1.1" 200 22077
2026-01-26 16:03:55.538 [DEBUG] Starting new HTTPS connection (1): lms.bsuir.by:443
2026-01-26 16:03:56.079 [DEBUG] https://lms.bsuir.by:443 "POST /login/index.php HTTP/1.1" 303 1707
2026-01-26 16:03:56.205 [DEBUG] https://lms.bsuir.by:443 "GET /login/index.php?testsession=30091 HTTP/1.1" 303 1674
2026-01-26 16:03:56.859 [DEBUG] https://lms.bsuir.by:443 "GET / HTTP/1.1" 200 21962
2026-01-26 16:03:57.594 [DEBUG] https://lms.bsuir.by:443 "GET /course/view.php?id=5369 HTTP/1.1" 200 27007
2026-01-26 16:03:58.605 [DEBUG] https://lms.bsuir.by:443 "GET /course/view.php?id=5892 HTTP/1.1" 200 35233
2026-01-26 16:03:59.414 [DEBUG] https://lms.bsuir.by:443 "GET /course/view.php?id=8815 HTTP/1.1" 200 21802
2026-01-26 16:04:00.233 [DEBUG] https://lms.bsuir.by:443 "GET /course/view.php?id=8736 HTTP/1.1" 200 24815
2026-01-26 16:04:00.848 [DEBUG] https://lms.bsuir.by:443 "GET /course/view.php?id=7833 HTTP/1.1" 200 22051
2026-01-26 16:04:01.466 [DEBUG] https://lms.bsuir.by:443 "GET /course/view.php?id=8658 HTTP/1.1" 200 22159
2026-01-26 16:04:02.283 [DEBUG] https://lms.bsuir.by:443 "GET /course/view.php?id=7475 HTTP/1.1" 200 27668
2026-01-26 16:04:03.099 [DEBUG] https://lms.bsuir.by:443 "GET /course/view.php?id=5894 HTTP/1.1" 200 22161
2026-01-26 16:04:04.330 [DEBUG] https://lms.bsuir.by:443 "GET /course/view.php?id=2703 HTTP/1.1" 200 39090
2026-01-26 16:04:05.149 [DEBUG] https://lms.bsuir.by:443 "GET /course/view.php?id=9766 HTTP/1.1" 200 22110
2026-01-26 16:04:05.766 [DEBUG] https://lms.bsuir.by:443 "GET /course/view.php?id=7164 HTTP/1.1" 200 22086
2026-01-26 16:04:06.379 [DEBUG] https://lms.bsuir.by:443 "GET /course/view.php?id=9149 HTTP/1.1" 200 22084
2026-01-26 16:33:48.469 [DEBUG] Starting new HTTPS connection (1): lms.bsuir.by:443
2026-01-26 16:33:50.003 [DEBUG] https://lms.bsuir.by:443 "POST /login/index.php HTTP/1.1" 303 1707
2026-01-26 16:33:50.126 [DEBUG] https://lms.bsuir.by:443 "GET /login/index.php?testsession=30091 HTTP/1.1" 303 1674
2026-01-26 16:33:50.673 [DEBUG] https://lms.bsuir.by:443 "GET / HTTP/1.1" 200 21959
2026-01-26 16:33:51.495 [DEBUG] https://lms.bsuir.by:443 "GET /course/view.php?id=5369 HTTP/1.1" 200 27006
2026-01-26 16:33:52.515 [DEBUG] https://lms.bsuir.by:443 "GET /course/view.php?id=5892 HTTP/1.1" 200 35244
2026-01-26 16:33:53.234 [DEBUG] https://lms.bsuir.by:443 "GET /course/view.php?id=8815 HTTP/1.1" 200 21818
2026-01-26 16:33:53.949 [DEBUG] https://lms.bsuir.by:443 "GET /course/view.php?id=8736 HTTP/1.1" 200 24819
2026-01-26 16:33:54.563 [DEBUG] https://lms.bsuir.by:443 "GET /course/view.php?id=7833 HTTP/1.1" 200 22063
2026-01-26 16:33:55.069 [DEBUG] https://lms.bsuir.by:443 "GET /course/view.php?id=8658 HTTP/1.1" 200 22162
2026-01-26 16:33:55.715 [DEBUG] https://lms.bsuir.by:443 "GET /course/view.php?id=7475 HTTP/1.1" 200 27672
2026-01-26 16:33:56.409 [DEBUG] https://lms.bsuir.by:443 "GET /course/view.php?id=5894 HTTP/1.1" 200 22172
2026-01-26 16:33:57.380 [DEBUG] https://lms.bsuir.by:443 "GET /course/view.php?id=2703 HTTP/1.1" 200 39101
2026-01-26 16:33:58.134 [DEBUG] https://lms.bsuir.by:443 "GET /course/view.php?id=9766 HTTP/1.1" 200 22120
2026-01-26 16:33:58.869 [DEBUG] https://lms.bsuir.by:443 "GET /course/view.php?id=7164 HTTP/1.1" 200 22093
2026-01-26 16:33:59.480 [DEBUG] https://lms.bsuir.by:443 "GET /course/view.php?id=9149 HTTP/1.1" 200 22081
2026-01-26 16:36:44.172 [DEBUG] Starting new HTTPS connection (1): lms.bsuir.by:443
2026-01-26 16:36:44.556 [DEBUG] https://lms.bsuir.by:443 "POST /login/index.php HTTP/1.1" 303 1707
2026-01-26 16:36:44.674 [DEBUG] https://lms.bsuir.by:443 "GET /login/index.php?testsession=30091 HTTP/1.1" 303 1674
2026-01-26 16:36:45.160 [DEBUG] https://lms.bsuir.by:443 "GET / HTTP/1.1" 200 21956
2026-01-26 16:36:45.800 [DEBUG] https://lms.bsuir.by:443 "GET /course/view.php?id=5369 HTTP/1.1" 200 27002
2026-01-26 16:36:46.827 [DEBUG] https://lms.bsuir.by:443 "GET /course/view.php?id=5892 HTTP/1.1" 200 35234
2026-01-26 16:36:47.644 [DEBUG] https://lms.bsuir.by:443 "GET /course/view.php?id=8815 HTTP/1.1" 200 21808
2026-01-26 16:36:48.465 [DEBUG] https://lms.bsuir.by:443 "GET /course/view.php?id=8736 HTTP/1.1" 200 24810
2026-01-26 16:36:49.082 [DEBUG] https://lms.bsuir.by:443 "GET /course/view.php?id=7833 HTTP/1.1" 200 22053
2026-01-26 16:36:49.573 [DEBUG] https://lms.bsuir.by:443 "GET /course/view.php?id=8658 HTTP/1.1" 200 22149
2026-01-26 16:36:50.309 [DEBUG] https://lms.bsuir.by:443 "GET /course/view.php?id=7475 HTTP/1.1" 200 27654
2026-01-26 16:36:50.893 [DEBUG] https://lms.bsuir.by:443 "GET /course/view.php?id=5894 HTTP/1.1" 200 22161
2026-01-26 16:36:51.748 [DEBUG] https://lms.bsuir.by:443 "GET /course/view.php?id=2703 HTTP/1.1" 200 39095
2026-01-26 16:36:52.670 [DEBUG] https://lms.bsuir.by:443 "GET /course/view.php?id=9766 HTTP/1.1" 200 22118
2026-01-26 16:36:53.174 [DEBUG] https://lms.bsuir.by:443 "GET /course/view.php?id=7164 HTTP/1.1" 200 22095
2026-01-26 16:36:53.791 [DEBUG] https://lms.bsuir.by:443 "GET /course/view.php?id=9149 HTTP/1.1" 200 22074
2026-01-26 16:49:23.016 [DEBUG] Starting new HTTPS connection (1): lms.bsuir.by:443
2026-01-26 16:49:24.281 [DEBUG] https://lms.bsuir.by:443 "POST /login/index.php HTTP/1.1" 303 1707
2026-01-26 16:49:24.487 [DEBUG] https://lms.bsuir.by:443 "GET /login/index.php?testsession=30091 HTTP/1.1" 303 1674
2026-01-26 16:49:25.100 [DEBUG] https://lms.bsuir.by:443 "GET / HTTP/1.1" 200 21958
2026-01-26 16:49:26.133 [DEBUG] https://lms.bsuir.by:443 "GET /course/view.php?id=5369 HTTP/1.1" 200 27000
2026-01-26 16:49:26.948 [DEBUG] https://lms.bsuir.by:443 "GET /course/view.php?id=5892 HTTP/1.1" 200 35241
2026-01-26 16:49:27.560 [DEBUG] https://lms.bsuir.by:443 "GET /course/view.php?id=8815 HTTP/1.1" 200 21804
2026-01-26 16:49:28.179 [DEBUG] https://lms.bsuir.by:443 "GET /course/view.php?id=8736 HTTP/1.1" 200 24808
2026-01-26 16:49:28.664 [DEBUG] https://lms.bsuir.by:443 "GET /course/view.php?id=7833 HTTP/1.1" 200 22048
2026-01-26 16:49:29.095 [DEBUG] https://lms.bsuir.by:443 "GET /course/view.php?id=8658 HTTP/1.1" 200 22150
2026-01-26 16:49:29.913 [DEBUG] https://lms.bsuir.by:443 "GET /course/view.php?id=7475 HTTP/1.1" 200 27659
2026-01-26 16:49:30.429 [DEBUG] https://lms.bsuir.by:443 "GET /course/view.php?id=5894 HTTP/1.1" 200 22156
2026-01-26 16:49:31.262 [DEBUG] https://lms.bsuir.by:443 "GET /course/view.php?id=2703 HTTP/1.1" 200 39088
2026-01-26 16:49:32.093 [DEBUG] https://lms.bsuir.by:443 "GET /course/view.php?id=9766 HTTP/1.1" 200 22114
2026-01-26 16:49:32.710 [DEBUG] https://lms.bsuir.by:443 "GET /course/view.php?id=7164 HTTP/1.1" 200 22089
2026-01-26 16:49:33.298 [DEBUG] https://lms.bsuir.by:443 "GET /course/view.php?id=9149 HTTP/1.1" 200 22072
2026-01-26 19:23:13.953 [DEBUG] Starting new HTTPS connection (1): lms.bsuir.by:443
2026-01-26 19:23:15.971 [DEBUG] https://lms.bsuir.by:443 "POST /login/index.php HTTP/1.1" 303 1707
2026-01-26 19:23:16.373 [DEBUG] https://lms.bsuir.by:443 "GET /login/index.php?testsession=30091 HTTP/1.1" 303 1674
2026-01-26 19:23:16.950 [DEBUG] https://lms.bsuir.by:443 "GET / HTTP/1.1" 200 21953
2026-01-26 19:23:17.779 [DEBUG] https://lms.bsuir.by:443 "GET /course/view.php?id=5369 HTTP/1.1" 200 27010
2026-01-26 19:23:18.704 [DEBUG] https://lms.bsuir.by:443 "GET /course/view.php?id=5892 HTTP/1.1" 200 35247
2026-01-26 19:23:19.413 [DEBUG] https://lms.bsuir.by:443 "GET /course/view.php?id=8815 HTTP/1.1" 200 21806
2026-01-26 19:23:42.387 [DEBUG] Starting new HTTPS connection (1): lms.bsuir.by:443
2026-01-26 19:23:43.340 [DEBUG] https://lms.bsuir.by:443 "POST /login/index.php HTTP/1.1" 303 1707
2026-01-26 19:23:43.671 [DEBUG] https://lms.bsuir.by:443 "GET /login/index.php?testsession=30091 HTTP/1.1" 303 1674
2026-01-26 19:23:44.432 [DEBUG] https://lms.bsuir.by:443 "GET / HTTP/1.1" 200 21951
2026-01-26 19:23:45.449 [DEBUG] https://lms.bsuir.by:443 "GET /course/view.php?id=5369 HTTP/1.1" 200 27008
2026-01-26 19:23:46.653 [DEBUG] https://lms.bsuir.by:443 "GET /course/view.php?id=5892 HTTP/1.1" 200 35231
2026-01-26 19:23:47.747 [DEBUG] https://lms.bsuir.by:443 "GET /course/view.php?id=8815 HTTP/1.1" 200 21808
2026-01-26 19:23:48.819 [DEBUG] https://lms.bsuir.by:443 "GET /course/view.php?id=8736 HTTP/1.1" 200 24809
2026-01-26 19:23:50.590 [DEBUG] https://lms.bsuir.by:443 "GET /course/view.php?id=7833 HTTP/1.1" 200 22049
2026-01-26 19:23:51.388 [DEBUG] https://lms.bsuir.by:443 "GET /course/view.php?id=8658 HTTP/1.1" 200 22146
2026-01-26 19:23:52.222 [DEBUG] https://lms.bsuir.by:443 "GET /course/view.php?id=7475 HTTP/1.1" 200 27665
2026-01-26 19:23:52.953 [DEBUG] https://lms.bsuir.by:443 "GET /course/view.php?id=5894 HTTP/1.1" 200 22160
2026-01-26 19:23:53.973 [DEBUG] https://lms.bsuir.by:443 "GET /course/view.php?id=2703 HTTP/1.1" 200 39087
2026-01-26 19:23:55.582 [DEBUG] https://lms.bsuir.by:443 "GET /course/view.php?id=9766 HTTP/1.1" 200 22106
2026-01-26 19:23:56.339 [DEBUG] https://lms.bsuir.by:443 "GET /course/view.php?id=7164 HTTP/1.1" 200 22086
2026-01-26 19:23:57.016 [DEBUG] https://lms.bsuir.by:443 "GET /course/view.php?id=9149 HTTP/1.1" 200 22074
2026-01-26 19:43:03.087 [DEBUG] Starting new HTTPS connection (1): lms.bsuir.by:443
2026-01-26 19:43:03.691 [DEBUG] https://lms.bsuir.by:443 "POST /login/index.php HTTP/1.1" 303 1707
2026-01-26 19:43:03.842 [DEBUG] https://lms.bsuir.by:443 "GET /login/index.php?testsession=30091 HTTP/1.1" 303 1674
2026-01-26 19:43:04.402 [DEBUG] https://lms.bsuir.by:443 "GET / HTTP/1.1" 200 21954
2026-01-26 19:43:05.400 [DEBUG] https://lms.bsuir.by:443 "GET /course/view.php?id=5369 HTTP/1.1" 200 27005
2026-01-26 19:43:06.341 [DEBUG] https://lms.bsuir.by:443 "GET /course/view.php?id=5892 HTTP/1.1" 200 35224
2026-01-26 19:43:07.253 [DEBUG] https://lms.bsuir.by:443 "GET /course/view.php?id=8815 HTTP/1.1" 200 21813
2026-01-26 19:43:07.941 [DEBUG] https://lms.bsuir.by:443 "GET /course/view.php?id=8736 HTTP/1.1" 200 24808
2026-01-26 19:43:08.671 [DEBUG] https://lms.bsuir.by:443 "GET /course/view.php?id=7833 HTTP/1.1" 200 22056
2026-01-26 19:43:09.444 [DEBUG] https://lms.bsuir.by:443 "GET /course/view.php?id=8658 HTTP/1.1" 200 22151
2026-01-26 19:43:10.215 [DEBUG] https://lms.bsuir.by:443 "GET /course/view.php?id=7475 HTTP/1.1" 200 27665
2026-01-26 19:43:11.123 [DEBUG] https://lms.bsuir.by:443 "GET /course/view.php?id=5894 HTTP/1.1" 200 22166
2026-01-26 19:43:12.105 [DEBUG] https://lms.bsuir.by:443 "GET /course/view.php?id=2703 HTTP/1.1" 200 39084
2026-01-26 19:43:13.055 [DEBUG] https://lms.bsuir.by:443 "GET /course/view.php?id=9766 HTTP/1.1" 200 22116
2026-01-26 19:43:13.642 [DEBUG] https://lms.bsuir.by:443 "GET /course/view.php?id=7164 HTTP/1.1" 200 22094
2026-01-26 19:43:14.213 [DEBUG] https://lms.bsuir.by:443 "GET /course/view.php?id=9149 HTTP/1.1" 200 22084
2026-01-26 19:44:15.783 [DEBUG] Starting new HTTPS connection (1): lms.bsuir.by:443
2026-01-26 19:44:16.562 [DEBUG] https://lms.bsuir.by:443 "POST /login/index.php HTTP/1.1" 303 1707
2026-01-26 19:44:16.833 [DEBUG] https://lms.bsuir.by:443 "GET /login/index.php?testsession=30091 HTTP/1.1" 303 1674
2026-01-26 19:44:17.481 [DEBUG] https://lms.bsuir.by:443 "GET / HTTP/1.1" 200 21951
2026-01-26 19:44:18.485 [DEBUG] https://lms.bsuir.by:443 "GET /course/view.php?id=5369 HTTP/1.1" 200 27007
2026-01-26 19:44:19.486 [DEBUG] https://lms.bsuir.by:443 "GET /course/view.php?id=5892 HTTP/1.1" 200 35227
2026-01-26 19:44:20.311 [DEBUG] https://lms.bsuir.by:443 "GET /course/view.php?id=8815 HTTP/1.1" 200 21810
2026-01-26 19:44:21.314 [DEBUG] https://lms.bsuir.by:443 "GET /course/view.php?id=8736 HTTP/1.1" 200 24811
2026-01-26 19:44:22.114 [DEBUG] https://lms.bsuir.by:443 "GET /course/view.php?id=7833 HTTP/1.1" 200 22054
2026-01-26 19:44:22.776 [DEBUG] https://lms.bsuir.by:443 "GET /course/view.php?id=8658 HTTP/1.1" 200 22150
2026-01-26 19:44:23.454 [DEBUG] https://lms.bsuir.by:443 "GET /course/view.php?id=7475 HTTP/1.1" 200 27662
2026-01-26 19:44:24.046 [DEBUG] https://lms.bsuir.by:443 "GET /course/view.php?id=5894 HTTP/1.1" 200 22164
2026-01-26 19:44:24.945 [DEBUG] https://lms.bsuir.by:443 "GET /course/view.php?id=2703 HTTP/1.1" 200 39094
2026-01-26 19:44:25.884 [DEBUG] https://lms.bsuir.by:443 "GET /course/view.php?id=9766 HTTP/1.1" 200 22110
2026-01-26 19:44:26.420 [DEBUG] https://lms.bsuir.by:443 "GET /course/view.php?id=7164 HTTP/1.1" 200 22093
2026-01-26 19:44:26.986 [DEBUG] https://lms.bsuir.by:443 "GET /course/view.php?id=9149 HTTP/1.1" 200 22082
2026-01-26 19:45:14.139 [DEBUG] Starting new HTTPS connection (1): lms.bsuir.by:443
2026-01-26 19:45:15.189 [DEBUG] https://lms.bsuir.by:443 "POST /login/index.php HTTP/1.1" 303 1707
2026-01-26 19:45:15.519 [DEBUG] https://lms.bsuir.by:443 "GET /login/index.php?testsession=30091 HTTP/1.1" 303 1674
2026-01-26 19:45:16.171 [DEBUG] https://lms.bsuir.by:443 "GET / HTTP/1.1" 200 21947
2026-01-26 19:45:17.034 [DEBUG] https://lms.bsuir.by:443 "GET /course/view.php?id=5369 HTTP/1.1" 200 27005
2026-01-26 19:45:18.036 [DEBUG] https://lms.bsuir.by:443 "GET /course/view.php?id=5892 HTTP/1.1" 200 35231
2026-01-26 19:45:18.979 [DEBUG] https://lms.bsuir.by:443 "GET /course/view.php?id=8815 HTTP/1.1" 200 21804
2026-01-26 19:45:19.828 [DEBUG] https://lms.bsuir.by:443 "GET /course/view.php?id=8736 HTTP/1.1" 200 24811
2026-01-26 19:45:20.860 [DEBUG] https://lms.bsuir.by:443 "GET /course/view.php?id=7833 HTTP/1.1" 200 22049
2026-01-26 19:45:21.753 [DEBUG] https://lms.bsuir.by:443 "GET /course/view.php?id=8658 HTTP/1.1" 200 22149
2026-01-26 19:45:22.563 [DEBUG] https://lms.bsuir.by:443 "GET /course/view.php?id=7475 HTTP/1.1" 200 27655
2026-01-26 19:45:23.342 [DEBUG] https://lms.bsuir.by:443 "GET /course/view.php?id=5894 HTTP/1.1" 200 22155
2026-01-26 19:45:24.370 [DEBUG] https://lms.bsuir.by:443 "GET /course/view.php?id=2703 HTTP/1.1" 200 39089
2026-01-26 19:45:25.448 [DEBUG] https://lms.bsuir.by:443 "GET /course/view.php?id=9766 HTTP/1.1" 200 22104
2026-01-26 19:45:27.111 [DEBUG] https://lms.bsuir.by:443 "GET /course/view.php?id=7164 HTTP/1.1" 200 22084
2026-01-26 19:45:28.404 [DEBUG] https://lms.bsuir.by:443 "GET /course/view.php?id=9149 HTTP/1.1" 200 22069
2026-01-26 19:46:32.348 [DEBUG] Starting new HTTPS connection (1): lms.bsuir.by:443
2026-01-26 19:46:33.292 [DEBUG] https://lms.bsuir.by:443 "POST /login/index.php HTTP/1.1" 303 1707
2026-01-26 19:46:33.600 [DEBUG] https://lms.bsuir.by:443 "GET /login/index.php?testsession=30091 HTTP/1.1" 303 1674
2026-01-26 19:46:34.299 [DEBUG] https://lms.bsuir.by:443 "GET / HTTP/1.1" 200 21955
2026-01-26 19:46:35.377 [DEBUG] https://lms.bsuir.by:443 "GET /course/view.php?id=5369 HTTP/1.1" 200 27005
2026-01-26 19:46:36.436 [DEBUG] https://lms.bsuir.by:443 "GET /course/view.php?id=5892 HTTP/1.1" 200 35234
2026-01-26 19:46:38.248 [DEBUG] https://lms.bsuir.by:443 "GET /course/view.php?id=8815 HTTP/1.1" 200 21804
2026-01-26 19:46:39.117 [DEBUG] https://lms.bsuir.by:443 "GET /course/view.php?id=8736 HTTP/1.1" 200 24811
2026-01-26 19:46:39.886 [DEBUG] https://lms.bsuir.by:443 "GET /course/view.php?id=7833 HTTP/1.1" 200 22055
2026-01-26 19:46:40.731 [DEBUG] https://lms.bsuir.by:443 "GET /course/view.php?id=8658 HTTP/1.1" 200 22152
2026-01-26 19:46:41.653 [DEBUG] https://lms.bsuir.by:443 "GET /course/view.php?id=7475 HTTP/1.1" 200 27664
2026-01-26 19:46:43.386 [DEBUG] https://lms.bsuir.by:443 "GET /course/view.php?id=5894 HTTP/1.1" 200 22169
2026-01-26 19:46:44.849 [DEBUG] https://lms.bsuir.by:443 "GET /course/view.php?id=2703 HTTP/1.1" 200 39088
2026-01-26 19:46:46.098 [DEBUG] https://lms.bsuir.by:443 "GET /course/view.php?id=9766 HTTP/1.1" 200 22131
2026-01-26 19:46:47.117 [DEBUG] https://lms.bsuir.by:443 "GET /course/view.php?id=7164 HTTP/1.1" 200 22094
2026-01-26 19:46:48.048 [DEBUG] https://lms.bsuir.by:443 "GET /course/view.php?id=9149 HTTP/1.1" 200 22082
2026-01-27 23:54:34.021 [DEBUG] Starting new HTTPS connection (1): lms.bsuir.by:443
2026-01-27 23:54:34.424 [DEBUG] https://lms.bsuir.by:443 "POST /login/index.php HTTP/1.1" 303 1707
2026-01-27 23:54:34.537 [DEBUG] https://lms.bsuir.by:443 "GET /login/index.php?testsession=30091 HTTP/1.1" 303 1674
2026-01-27 23:54:35.148 [DEBUG] https://lms.bsuir.by:443 "GET / HTTP/1.1" 200 21934
2026-01-27 23:54:35.821 [DEBUG] https://lms.bsuir.by:443 "GET /course/view.php?id=5369 HTTP/1.1" 200 26976
2026-01-27 23:54:36.576 [DEBUG] https://lms.bsuir.by:443 "GET /course/view.php?id=5892 HTTP/1.1" 200 35203
2026-01-27 23:54:37.058 [DEBUG] https://lms.bsuir.by:443 "GET /course/view.php?id=8815 HTTP/1.1" 200 21785
2026-01-27 23:54:37.679 [DEBUG] https://lms.bsuir.by:443 "GET /course/view.php?id=8736 HTTP/1.1" 200 24788
2026-01-27 23:54:38.159 [DEBUG] https://lms.bsuir.by:443 "GET /course/view.php?id=7833 HTTP/1.1" 200 22037
2026-01-27 23:54:38.566 [DEBUG] https://lms.bsuir.by:443 "GET /course/view.php?id=8658 HTTP/1.1" 200 22135
2026-01-27 23:54:39.156 [DEBUG] https://lms.bsuir.by:443 "GET /course/view.php?id=7475 HTTP/1.1" 200 27630
2026-01-27 23:54:39.679 [DEBUG] https://lms.bsuir.by:443 "GET /course/view.php?id=5894 HTTP/1.1" 200 22140
2026-01-27 23:54:40.542 [DEBUG] https://lms.bsuir.by:443 "GET /course/view.php?id=2703 HTTP/1.1" 200 39059
2026-01-27 23:54:41.044 [DEBUG] https://lms.bsuir.by:443 "GET /course/view.php?id=9766 HTTP/1.1" 200 22094
2026-01-27 23:54:41.451 [DEBUG] https://lms.bsuir.by:443 "GET /course/view.php?id=7164 HTTP/1.1" 200 22071
2026-01-27 23:54:41.915 [DEBUG] https://lms.bsuir.by:443 "GET /course/view.php?id=9149 HTTP/1.1" 200 22057
2026-01-29 21:49:55.928 [DEBUG] Starting new HTTPS connection (1): lms.bsuir.by:443
2026-01-29 21:49:57.355 [DEBUG] https://lms.bsuir.by:443 "POST /login/index.php HTTP/1.1" 303 1707
2026-01-29 21:49:57.471 [DEBUG] https://lms.bsuir.by:443 "GET /login/index.php?testsession=30091 HTTP/1.1" 303 1674
2026-01-29 21:49:58.047 [DEBUG] https://lms.bsuir.by:443 "GET / HTTP/1.1" 200 21770
2026-01-29 21:49:58.853 [DEBUG] https://lms.bsuir.by:443 "GET /course/view.php?id=5892 HTTP/1.1" 200 35208
2026-01-29 21:49:59.415 [DEBUG] https://lms.bsuir.by:443 "GET /course/view.php?id=8815 HTTP/1.1" 200 21779
2026-01-29 21:50:00.031 [DEBUG] https://lms.bsuir.by:443 "GET /course/view.php?id=8736 HTTP/1.1" 200 24789
2026-01-29 21:50:00.428 [DEBUG] https://lms.bsuir.by:443 "GET /course/view.php?id=7833 HTTP/1.1" 200 22039
2026-01-29 21:50:00.917 [DEBUG] https://lms.bsuir.by:443 "GET /course/view.php?id=8658 HTTP/1.1" 200 22133
2026-01-29 21:50:01.509 [DEBUG] https://lms.bsuir.by:443 "GET /course/view.php?id=7475 HTTP/1.1" 200 27639
2026-01-29 21:50:02.542 [DEBUG] https://lms.bsuir.by:443 "GET /course/view.php?id=2703 HTTP/1.1" 200 39065
2026-01-29 21:50:03.230 [DEBUG] https://lms.bsuir.by:443 "GET /course/view.php?id=9766 HTTP/1.1" 200 22091
2026-01-29 21:50:03.770 [DEBUG] https://lms.bsuir.by:443 "GET /course/view.php?id=7164 HTTP/1.1" 200 22074
2026-01-29 21:50:04.338 [DEBUG] https://lms.bsuir.by:443 "GET /course/view.php?id=9149 HTTP/1.1" 200 22062
2026-01-29 21:50:04.452 [CRITICAL] Uncaught exception
Traceback (most recent call last):
  File "C:\Users\User\PycharmProjects\Program_sol\src\services\find_test.py", line 55, in <module>
    print(len(test_find("32850203","Shilov#Arseni5")))
          ^^^^^^^^^^^^^^^^^^^^^^^^^^^^^^^^^^^^^^^^^^^
TypeError: object of type 'NoneType' has no len()
2026-01-29 21:51:04.768 [DEBUG] Starting new HTTPS connection (1): lms.bsuir.by:443
2026-01-29 21:51:05.148 [DEBUG] https://lms.bsuir.by:443 "POST /login/index.php HTTP/1.1" 303 1707
2026-01-29 21:51:05.290 [DEBUG] https://lms.bsuir.by:443 "GET /login/index.php?testsession=30091 HTTP/1.1" 303 1674
2026-01-29 21:51:05.777 [DEBUG] https://lms.bsuir.by:443 "GET / HTTP/1.1" 200 21770
2026-01-29 21:51:06.548 [DEBUG] https://lms.bsuir.by:443 "GET /course/view.php?id=5892 HTTP/1.1" 200 35215
2026-01-29 21:51:07.046 [DEBUG] https://lms.bsuir.by:443 "GET /course/view.php?id=8815 HTTP/1.1" 200 21778
2026-01-29 21:51:07.780 [DEBUG] https://lms.bsuir.by:443 "GET /course/view.php?id=8736 HTTP/1.1" 200 24788
2026-01-29 21:51:08.221 [DEBUG] https://lms.bsuir.by:443 "GET /course/view.php?id=7833 HTTP/1.1" 200 22032
2026-01-29 21:51:08.725 [DEBUG] https://lms.bsuir.by:443 "GET /course/view.php?id=8658 HTTP/1.1" 200 22131
2026-01-29 21:51:09.295 [DEBUG] https://lms.bsuir.by:443 "GET /course/view.php?id=7475 HTTP/1.1" 200 27631
2026-01-29 21:51:10.087 [DEBUG] https://lms.bsuir.by:443 "GET /course/view.php?id=2703 HTTP/1.1" 200 39061
2026-01-29 21:51:10.706 [DEBUG] https://lms.bsuir.by:443 "GET /course/view.php?id=9766 HTTP/1.1" 200 22104
2026-01-29 21:51:11.145 [DEBUG] https://lms.bsuir.by:443 "GET /course/view.php?id=7164 HTTP/1.1" 200 22071
2026-01-29 21:51:11.618 [DEBUG] https://lms.bsuir.by:443 "GET /course/view.php?id=9149 HTTP/1.1" 200 22051
2026-01-29 21:52:55.851 [DEBUG] Starting new HTTPS connection (1): lms.bsuir.by:443
2026-01-29 21:52:56.175 [DEBUG] https://lms.bsuir.by:443 "POST /login/index.php HTTP/1.1" 303 1707
2026-01-29 21:52:56.343 [DEBUG] https://lms.bsuir.by:443 "GET /login/index.php?testsession=30091 HTTP/1.1" 303 1674
2026-01-29 21:52:56.835 [DEBUG] https://lms.bsuir.by:443 "GET / HTTP/1.1" 200 21767
2026-01-29 21:52:57.540 [DEBUG] https://lms.bsuir.by:443 "GET /course/view.php?id=5892 HTTP/1.1" 200 35205
2026-01-29 21:52:58.606 [DEBUG] https://lms.bsuir.by:443 "GET /course/view.php?id=8815 HTTP/1.1" 200 21781
2026-01-29 21:52:59.192 [DEBUG] https://lms.bsuir.by:443 "GET /course/view.php?id=8736 HTTP/1.1" 200 24787
2026-01-29 21:52:59.645 [DEBUG] https://lms.bsuir.by:443 "GET /course/view.php?id=7833 HTTP/1.1" 200 22032
2026-01-29 21:53:00.109 [DEBUG] https://lms.bsuir.by:443 "GET /course/view.php?id=8658 HTTP/1.1" 200 22133
2026-01-29 21:53:00.681 [DEBUG] https://lms.bsuir.by:443 "GET /course/view.php?id=7475 HTTP/1.1" 200 27627
2026-01-29 21:53:01.415 [DEBUG] https://lms.bsuir.by:443 "GET /course/view.php?id=2703 HTTP/1.1" 200 39056
2026-01-29 21:53:01.959 [DEBUG] https://lms.bsuir.by:443 "GET /course/view.php?id=9766 HTTP/1.1" 200 22092
2026-01-29 21:53:02.533 [DEBUG] https://lms.bsuir.by:443 "GET /course/view.php?id=7164 HTTP/1.1" 200 22073
2026-01-29 21:53:03.011 [DEBUG] https://lms.bsuir.by:443 "GET /course/view.php?id=9149 HTTP/1.1" 200 22047
2026-01-29 21:53:13.866 [DEBUG] Starting new HTTPS connection (1): lms.bsuir.by:443
2026-01-29 21:53:14.260 [DEBUG] https://lms.bsuir.by:443 "POST /login/index.php HTTP/1.1" 303 1707
2026-01-29 21:53:14.413 [DEBUG] https://lms.bsuir.by:443 "GET /login/index.php?testsession=30091 HTTP/1.1" 303 1674
2026-01-29 21:53:14.906 [DEBUG] https://lms.bsuir.by:443 "GET / HTTP/1.1" 200 21773
2026-01-29 21:53:15.723 [DEBUG] https://lms.bsuir.by:443 "GET /course/view.php?id=5892 HTTP/1.1" 200 35208
2026-01-29 21:53:16.280 [DEBUG] https://lms.bsuir.by:443 "GET /course/view.php?id=8815 HTTP/1.1" 200 21775
2026-01-29 21:53:16.860 [DEBUG] https://lms.bsuir.by:443 "GET /course/view.php?id=8736 HTTP/1.1" 200 24785
2026-01-29 21:53:17.334 [DEBUG] https://lms.bsuir.by:443 "GET /course/view.php?id=7833 HTTP/1.1" 200 22029
2026-01-29 21:53:17.764 [DEBUG] https://lms.bsuir.by:443 "GET /course/view.php?id=8658 HTTP/1.1" 200 22135
2026-01-29 21:53:18.482 [DEBUG] https://lms.bsuir.by:443 "GET /course/view.php?id=7475 HTTP/1.1" 200 27625
2026-01-29 21:53:19.353 [DEBUG] https://lms.bsuir.by:443 "GET /course/view.php?id=2703 HTTP/1.1" 200 39057
2026-01-29 21:53:19.945 [DEBUG] https://lms.bsuir.by:443 "GET /course/view.php?id=9766 HTTP/1.1" 200 22092
2026-01-29 21:53:20.455 [DEBUG] https://lms.bsuir.by:443 "GET /course/view.php?id=7164 HTTP/1.1" 200 22069
2026-01-29 21:53:21.078 [DEBUG] https://lms.bsuir.by:443 "GET /course/view.php?id=9149 HTTP/1.1" 200 22057
2026-01-29 21:56:11.625 [DEBUG] Starting new HTTPS connection (1): lms.bsuir.by:443
2026-01-29 21:56:12.073 [DEBUG] https://lms.bsuir.by:443 "POST /login/index.php HTTP/1.1" 303 1707
2026-01-29 21:56:12.260 [DEBUG] https://lms.bsuir.by:443 "GET /login/index.php?testsession=30091 HTTP/1.1" 303 1674
2026-01-29 21:56:12.854 [DEBUG] https://lms.bsuir.by:443 "GET / HTTP/1.1" 200 21777
2026-01-29 21:56:13.710 [DEBUG] https://lms.bsuir.by:443 "GET /course/view.php?id=5892 HTTP/1.1" 200 35208
2026-01-29 21:56:14.227 [DEBUG] https://lms.bsuir.by:443 "GET /course/view.php?id=8815 HTTP/1.1" 200 21776
2026-01-29 21:56:14.803 [DEBUG] https://lms.bsuir.by:443 "GET /course/view.php?id=8736 HTTP/1.1" 200 24790
2026-01-29 21:56:15.335 [DEBUG] https://lms.bsuir.by:443 "GET /course/view.php?id=7833 HTTP/1.1" 200 22032
2026-01-29 21:56:15.753 [DEBUG] https://lms.bsuir.by:443 "GET /course/view.php?id=8658 HTTP/1.1" 200 22134
2026-01-29 21:56:16.395 [DEBUG] https://lms.bsuir.by:443 "GET /course/view.php?id=7475 HTTP/1.1" 200 27634
2026-01-29 21:56:17.227 [DEBUG] https://lms.bsuir.by:443 "GET /course/view.php?id=2703 HTTP/1.1" 200 39064
2026-01-29 21:56:17.798 [DEBUG] https://lms.bsuir.by:443 "GET /course/view.php?id=9766 HTTP/1.1" 200 22095
2026-01-29 21:56:18.290 [DEBUG] https://lms.bsuir.by:443 "GET /course/view.php?id=7164 HTTP/1.1" 200 22071
2026-01-29 21:56:18.740 [DEBUG] https://lms.bsuir.by:443 "GET /course/view.php?id=9149 HTTP/1.1" 200 22063
2026-01-29 21:58:29.875 [DEBUG] Starting new HTTPS connection (1): lms.bsuir.by:443
2026-01-29 21:58:30.305 [DEBUG] https://lms.bsuir.by:443 "POST /login/index.php HTTP/1.1" 303 1707
2026-01-29 21:58:30.447 [DEBUG] https://lms.bsuir.by:443 "GET /login/index.php?testsession=30091 HTTP/1.1" 303 1674
2026-01-29 21:58:30.930 [DEBUG] https://lms.bsuir.by:443 "GET / HTTP/1.1" 200 21768
2026-01-29 21:58:31.593 [DEBUG] https://lms.bsuir.by:443 "GET /course/view.php?id=5892 HTTP/1.1" 200 35203
2026-01-29 21:58:32.081 [DEBUG] https://lms.bsuir.by:443 "GET /course/view.php?id=8815 HTTP/1.1" 200 21787
2026-01-29 21:58:32.568 [DEBUG] https://lms.bsuir.by:443 "GET /course/view.php?id=8736 HTTP/1.1" 200 24789
2026-01-29 21:58:33.015 [DEBUG] https://lms.bsuir.by:443 "GET /course/view.php?id=7833 HTTP/1.1" 200 22025
2026-01-29 21:58:33.417 [DEBUG] https://lms.bsuir.by:443 "GET /course/view.php?id=8658 HTTP/1.1" 200 22134
2026-01-29 21:58:34.011 [DEBUG] https://lms.bsuir.by:443 "GET /course/view.php?id=7475 HTTP/1.1" 200 27626
2026-01-29 21:58:34.721 [DEBUG] https://lms.bsuir.by:443 "GET /course/view.php?id=2703 HTTP/1.1" 200 39061
2026-01-29 21:58:35.203 [DEBUG] https://lms.bsuir.by:443 "GET /course/view.php?id=9766 HTTP/1.1" 200 22093
2026-01-29 21:58:35.772 [DEBUG] https://lms.bsuir.by:443 "GET /course/view.php?id=7164 HTTP/1.1" 200 22070
2026-01-29 21:58:36.193 [DEBUG] https://lms.bsuir.by:443 "GET /course/view.php?id=9149 HTTP/1.1" 200 22047
2026-01-29 22:38:57.874 [DEBUG] Starting new HTTPS connection (1): lms.bsuir.by:443
2026-01-29 22:39:19.167 [DEBUG] Starting new HTTPS connection (1): lms.bsuir.by:443
2026-01-29 22:39:20.319 [DEBUG] https://lms.bsuir.by:443 "POST /login/index.php HTTP/1.1" 303 1707
2026-01-29 22:39:20.468 [DEBUG] https://lms.bsuir.by:443 "GET /login/index.php?testsession=30091 HTTP/1.1" 303 1674
2026-01-29 22:39:20.901 [DEBUG] https://lms.bsuir.by:443 "GET / HTTP/1.1" 200 21779
2026-01-29 22:39:21.687 [DEBUG] https://lms.bsuir.by:443 "GET /course/view.php?id=5892 HTTP/1.1" 200 35217
2026-01-29 22:39:22.200 [DEBUG] https://lms.bsuir.by:443 "GET /course/view.php?id=8815 HTTP/1.1" 200 21786
2026-01-29 22:39:22.705 [DEBUG] https://lms.bsuir.by:443 "GET /course/view.php?id=8736 HTTP/1.1" 200 24789
2026-01-29 22:39:23.158 [DEBUG] https://lms.bsuir.by:443 "GET /course/view.php?id=7833 HTTP/1.1" 200 22036
2026-01-29 22:39:23.610 [DEBUG] https://lms.bsuir.by:443 "GET /course/view.php?id=8658 HTTP/1.1" 200 22135
2026-01-29 22:39:24.152 [DEBUG] https://lms.bsuir.by:443 "GET /course/view.php?id=7475 HTTP/1.1" 200 27640
2026-01-29 22:39:24.869 [DEBUG] https://lms.bsuir.by:443 "GET /course/view.php?id=2703 HTTP/1.1" 200 39068
2026-01-29 22:39:25.355 [DEBUG] https://lms.bsuir.by:443 "GET /course/view.php?id=9766 HTTP/1.1" 200 22095
2026-01-29 22:39:25.765 [DEBUG] https://lms.bsuir.by:443 "GET /course/view.php?id=7164 HTTP/1.1" 200 22074
2026-01-29 22:39:26.184 [DEBUG] https://lms.bsuir.by:443 "GET /course/view.php?id=9149 HTTP/1.1" 200 22059
2026-01-29 22:58:04.847 [DEBUG] Starting new HTTPS connection (1): lms.bsuir.by:443
2026-01-29 22:58:06.072 [DEBUG] https://lms.bsuir.by:443 "POST /login/index.php HTTP/1.1" 303 1707
2026-01-29 22:58:06.175 [DEBUG] https://lms.bsuir.by:443 "GET /login/index.php?testsession=30091 HTTP/1.1" 303 1674
2026-01-29 22:58:06.714 [DEBUG] https://lms.bsuir.by:443 "GET / HTTP/1.1" 200 21770
2026-01-29 22:58:07.526 [DEBUG] https://lms.bsuir.by:443 "GET /course/view.php?id=5892 HTTP/1.1" 200 35201
2026-01-29 22:58:08.033 [DEBUG] https://lms.bsuir.by:443 "GET /course/view.php?id=8815 HTTP/1.1" 200 21778
2026-01-29 22:58:08.597 [DEBUG] https://lms.bsuir.by:443 "GET /course/view.php?id=8736 HTTP/1.1" 200 24784
2026-01-29 22:58:09.002 [DEBUG] https://lms.bsuir.by:443 "GET /course/view.php?id=7833 HTTP/1.1" 200 22028
2026-01-29 22:58:09.431 [DEBUG] https://lms.bsuir.by:443 "GET /course/view.php?id=8658 HTTP/1.1" 200 22131
2026-01-29 22:58:10.004 [DEBUG] https://lms.bsuir.by:443 "GET /course/view.php?id=7475 HTTP/1.1" 200 27628
2026-01-29 22:58:10.862 [DEBUG] https://lms.bsuir.by:443 "GET /course/view.php?id=2703 HTTP/1.1" 200 39065
2026-01-29 22:58:11.328 [DEBUG] https://lms.bsuir.by:443 "GET /course/view.php?id=9766 HTTP/1.1" 200 22090
2026-01-29 22:58:11.792 [DEBUG] https://lms.bsuir.by:443 "GET /course/view.php?id=7164 HTTP/1.1" 200 22066
2026-01-29 22:58:12.310 [DEBUG] https://lms.bsuir.by:443 "GET /course/view.php?id=9149 HTTP/1.1" 200 22052
2026-01-29 23:01:16.070 [DEBUG] Starting new HTTPS connection (1): lms.bsuir.by:443
2026-01-29 23:01:16.417 [DEBUG] https://lms.bsuir.by:443 "POST /login/index.php HTTP/1.1" 303 1707
2026-01-29 23:01:16.520 [DEBUG] https://lms.bsuir.by:443 "GET /login/index.php?testsession=30091 HTTP/1.1" 303 1674
2026-01-29 23:01:16.976 [DEBUG] https://lms.bsuir.by:443 "GET / HTTP/1.1" 200 21772
2026-01-29 23:01:17.868 [DEBUG] https://lms.bsuir.by:443 "GET /course/view.php?id=5892 HTTP/1.1" 200 35204
2026-01-29 23:01:18.382 [DEBUG] https://lms.bsuir.by:443 "GET /course/view.php?id=8815 HTTP/1.1" 200 21776
2026-01-29 23:01:18.976 [DEBUG] https://lms.bsuir.by:443 "GET /course/view.php?id=8736 HTTP/1.1" 200 24793
2026-01-29 23:01:19.451 [DEBUG] https://lms.bsuir.by:443 "GET /course/view.php?id=7833 HTTP/1.1" 200 22024
2026-01-29 23:01:20.002 [DEBUG] https://lms.bsuir.by:443 "GET /course/view.php?id=8658 HTTP/1.1" 200 22131
2026-01-29 23:01:20.658 [DEBUG] https://lms.bsuir.by:443 "GET /course/view.php?id=7475 HTTP/1.1" 200 27627
2026-01-29 23:01:21.540 [DEBUG] https://lms.bsuir.by:443 "GET /course/view.php?id=2703 HTTP/1.1" 200 39058
2026-01-29 23:01:22.079 [DEBUG] https://lms.bsuir.by:443 "GET /course/view.php?id=9766 HTTP/1.1" 200 22088
2026-01-29 23:01:22.542 [DEBUG] https://lms.bsuir.by:443 "GET /course/view.php?id=7164 HTTP/1.1" 200 22065
2026-01-29 23:01:22.972 [DEBUG] https://lms.bsuir.by:443 "GET /course/view.php?id=9149 HTTP/1.1" 200 22061
2026-01-29 23:31:59.646 [DEBUG] Starting new HTTPS connection (1): lms.bsuir.by:443
2026-01-29 23:32:07.719 [DEBUG] Starting new HTTPS connection (1): lms.bsuir.by:443
2026-01-29 23:32:08.807 [DEBUG] https://lms.bsuir.by:443 "POST /login/index.php HTTP/1.1" 303 1707
2026-01-29 23:32:08.921 [DEBUG] https://lms.bsuir.by:443 "GET /login/index.php?testsession=30091 HTTP/1.1" 303 1674
2026-01-29 23:32:09.448 [DEBUG] https://lms.bsuir.by:443 "GET / HTTP/1.1" 200 21772
2026-01-29 23:32:10.356 [DEBUG] https://lms.bsuir.by:443 "GET /course/view.php?id=5892 HTTP/1.1" 200 35210
2026-01-29 23:32:10.867 [DEBUG] https://lms.bsuir.by:443 "GET /course/view.php?id=8815 HTTP/1.1" 200 21778
2026-01-29 23:32:11.408 [DEBUG] https://lms.bsuir.by:443 "GET /course/view.php?id=8736 HTTP/1.1" 200 24789
2026-01-29 23:32:11.861 [DEBUG] https://lms.bsuir.by:443 "GET /course/view.php?id=7833 HTTP/1.1" 200 22039
2026-01-29 23:32:12.310 [DEBUG] https://lms.bsuir.by:443 "GET /course/view.php?id=8658 HTTP/1.1" 200 22134
2026-01-29 23:32:12.867 [DEBUG] https://lms.bsuir.by:443 "GET /course/view.php?id=7475 HTTP/1.1" 200 27636
2026-01-29 23:32:13.714 [DEBUG] https://lms.bsuir.by:443 "GET /course/view.php?id=2703 HTTP/1.1" 200 39064
2026-01-29 23:32:14.217 [DEBUG] https://lms.bsuir.by:443 "GET /course/view.php?id=9766 HTTP/1.1" 200 22101
2026-01-29 23:32:14.656 [DEBUG] https://lms.bsuir.by:443 "GET /course/view.php?id=7164 HTTP/1.1" 200 22076
2026-01-29 23:32:15.067 [DEBUG] https://lms.bsuir.by:443 "GET /course/view.php?id=9149 HTTP/1.1" 200 22057
2026-01-29 23:34:07.984 [DEBUG] Starting new HTTPS connection (1): lms.bsuir.by:443
2026-01-29 23:34:09.124 [DEBUG] https://lms.bsuir.by:443 "POST /login/index.php HTTP/1.1" 303 1707
2026-01-29 23:34:09.228 [DEBUG] https://lms.bsuir.by:443 "GET /login/index.php?testsession=30091 HTTP/1.1" 303 1674
2026-01-29 23:34:09.708 [DEBUG] https://lms.bsuir.by:443 "GET / HTTP/1.1" 200 21774
2026-01-29 23:34:10.373 [DEBUG] https://lms.bsuir.by:443 "GET /course/view.php?id=5892 HTTP/1.1" 200 35208
2026-01-29 23:34:10.860 [DEBUG] https://lms.bsuir.by:443 "GET /course/view.php?id=8815 HTTP/1.1" 200 21785
2026-01-29 23:34:11.393 [DEBUG] https://lms.bsuir.by:443 "GET /course/view.php?id=8736 HTTP/1.1" 200 24789
2026-01-29 23:34:11.783 [DEBUG] https://lms.bsuir.by:443 "GET /course/view.php?id=7833 HTTP/1.1" 200 22034
2026-01-29 23:34:12.272 [DEBUG] https://lms.bsuir.by:443 "GET /course/view.php?id=8658 HTTP/1.1" 200 22139
2026-01-29 23:34:12.771 [DEBUG] https://lms.bsuir.by:443 "GET /course/view.php?id=7475 HTTP/1.1" 200 27640
2026-01-29 23:34:13.480 [DEBUG] https://lms.bsuir.by:443 "GET /course/view.php?id=2703 HTTP/1.1" 200 39070
2026-01-29 23:34:14.022 [DEBUG] https://lms.bsuir.by:443 "GET /course/view.php?id=9766 HTTP/1.1" 200 22100
2026-01-29 23:34:14.523 [DEBUG] https://lms.bsuir.by:443 "GET /course/view.php?id=7164 HTTP/1.1" 200 22076
2026-01-29 23:34:14.914 [DEBUG] https://lms.bsuir.by:443 "GET /course/view.php?id=9149 HTTP/1.1" 200 22054
2026-01-29 23:35:17.376 [DEBUG] Starting new HTTPS connection (1): lms.bsuir.by:443
2026-01-29 23:35:18.560 [DEBUG] https://lms.bsuir.by:443 "POST /login/index.php HTTP/1.1" 303 1707
2026-01-29 23:35:18.751 [DEBUG] https://lms.bsuir.by:443 "GET /login/index.php?testsession=30091 HTTP/1.1" 303 1674
2026-01-29 23:35:19.232 [DEBUG] https://lms.bsuir.by:443 "GET / HTTP/1.1" 200 21770
2026-01-29 23:35:20.342 [DEBUG] https://lms.bsuir.by:443 "GET /course/view.php?id=5892 HTTP/1.1" 200 35202
2026-01-29 23:35:20.878 [DEBUG] https://lms.bsuir.by:443 "GET /course/view.php?id=8815 HTTP/1.1" 200 21776
2026-01-29 23:35:21.415 [DEBUG] https://lms.bsuir.by:443 "GET /course/view.php?id=8736 HTTP/1.1" 200 24781
2026-01-29 23:35:21.894 [DEBUG] https://lms.bsuir.by:443 "GET /course/view.php?id=7833 HTTP/1.1" 200 22029
2026-01-29 23:35:22.318 [DEBUG] https://lms.bsuir.by:443 "GET /course/view.php?id=8658 HTTP/1.1" 200 22131
2026-01-29 23:35:22.874 [DEBUG] https://lms.bsuir.by:443 "GET /course/view.php?id=7475 HTTP/1.1" 200 27634
2026-01-29 23:35:23.589 [DEBUG] https://lms.bsuir.by:443 "GET /course/view.php?id=2703 HTTP/1.1" 200 39061
2026-01-29 23:35:24.163 [DEBUG] https://lms.bsuir.by:443 "GET /course/view.php?id=9766 HTTP/1.1" 200 22095
2026-01-29 23:35:24.641 [DEBUG] https://lms.bsuir.by:443 "GET /course/view.php?id=7164 HTTP/1.1" 200 22062
2026-01-29 23:35:25.063 [DEBUG] https://lms.bsuir.by:443 "GET /course/view.php?id=9149 HTTP/1.1" 200 22054
2026-01-29 23:47:18.808 [DEBUG] Starting new HTTPS connection (1): lms.bsuir.by:443
2026-01-29 23:47:20.305 [DEBUG] https://lms.bsuir.by:443 "POST /login/index.php HTTP/1.1" 303 1707
2026-01-29 23:47:20.451 [DEBUG] https://lms.bsuir.by:443 "GET /login/index.php?testsession=30091 HTTP/1.1" 303 1674
2026-01-29 23:47:20.931 [DEBUG] https://lms.bsuir.by:443 "GET / HTTP/1.1" 200 21775
2026-01-29 23:47:21.660 [DEBUG] https://lms.bsuir.by:443 "GET /course/view.php?id=5892 HTTP/1.1" 200 35203
2026-01-29 23:47:22.130 [DEBUG] https://lms.bsuir.by:443 "GET /course/view.php?id=8815 HTTP/1.1" 200 21780
2026-01-29 23:47:22.634 [DEBUG] https://lms.bsuir.by:443 "GET /course/view.php?id=8736 HTTP/1.1" 200 24785
2026-01-29 23:47:23.059 [DEBUG] https://lms.bsuir.by:443 "GET /course/view.php?id=7833 HTTP/1.1" 200 22028
2026-01-29 23:47:23.511 [DEBUG] https://lms.bsuir.by:443 "GET /course/view.php?id=8658 HTTP/1.1" 200 22133
2026-01-29 23:47:24.040 [DEBUG] https://lms.bsuir.by:443 "GET /course/view.php?id=7475 HTTP/1.1" 200 27628
2026-01-29 23:47:24.740 [DEBUG] https://lms.bsuir.by:443 "GET /course/view.php?id=2703 HTTP/1.1" 200 39061
2026-01-29 23:47:25.260 [DEBUG] https://lms.bsuir.by:443 "GET /course/view.php?id=9766 HTTP/1.1" 200 22095
2026-01-29 23:47:25.678 [DEBUG] https://lms.bsuir.by:443 "GET /course/view.php?id=7164 HTTP/1.1" 200 22070
2026-01-29 23:47:26.105 [DEBUG] https://lms.bsuir.by:443 "GET /course/view.php?id=9149 HTTP/1.1" 200 22045
2026-01-29 23:47:26.141 [CRITICAL] Uncaught exception
Traceback (most recent call last):
  File "C:\Users\User\PycharmProjects\Program_sol\src\services\find_test.py", line 68, in <module>
    print(test_find("32850203","Shilov#Arseni5"))
          ^^^^^^^^^^^^^^^^^^^^^^^^^^^^^^^^^^^^^^
  File "C:\Users\User\PycharmProjects\Program_sol\src\services\find_test.py", line 53, in test_find
    for key, values in tests_for_curs:
        ^^^^^^^^^^^
ValueError: too many values to unpack (expected 2)
2026-01-29 23:48:39.515 [DEBUG] Starting new HTTPS connection (1): lms.bsuir.by:443
2026-01-29 23:48:40.637 [DEBUG] https://lms.bsuir.by:443 "POST /login/index.php HTTP/1.1" 303 1707
2026-01-29 23:48:40.765 [DEBUG] https://lms.bsuir.by:443 "GET /login/index.php?testsession=30091 HTTP/1.1" 303 1674
2026-01-29 23:48:41.242 [DEBUG] https://lms.bsuir.by:443 "GET / HTTP/1.1" 200 21764
2026-01-29 23:48:41.903 [DEBUG] https://lms.bsuir.by:443 "GET /course/view.php?id=5892 HTTP/1.1" 200 35205
2026-01-29 23:48:42.405 [DEBUG] https://lms.bsuir.by:443 "GET /course/view.php?id=8815 HTTP/1.1" 200 21779
2026-01-29 23:48:42.958 [DEBUG] https://lms.bsuir.by:443 "GET /course/view.php?id=8736 HTTP/1.1" 200 24790
2026-01-29 23:48:43.384 [DEBUG] https://lms.bsuir.by:443 "GET /course/view.php?id=7833 HTTP/1.1" 200 22032
2026-01-29 23:48:43.850 [DEBUG] https://lms.bsuir.by:443 "GET /course/view.php?id=8658 HTTP/1.1" 200 22136
2026-01-29 23:48:44.377 [DEBUG] https://lms.bsuir.by:443 "GET /course/view.php?id=7475 HTTP/1.1" 200 27642
2026-01-29 23:48:45.067 [DEBUG] https://lms.bsuir.by:443 "GET /course/view.php?id=2703 HTTP/1.1" 200 39066
2026-01-29 23:48:45.625 [DEBUG] https://lms.bsuir.by:443 "GET /course/view.php?id=9766 HTTP/1.1" 200 22100
2026-01-29 23:48:46.048 [DEBUG] https://lms.bsuir.by:443 "GET /course/view.php?id=7164 HTTP/1.1" 200 22069
2026-01-29 23:48:46.480 [DEBUG] https://lms.bsuir.by:443 "GET /course/view.php?id=9149 HTTP/1.1" 200 22060
2026-01-29 23:54:22.532 [DEBUG] Starting new HTTPS connection (1): lms.bsuir.by:443
2026-01-29 23:54:22.890 [DEBUG] https://lms.bsuir.by:443 "POST /login/index.php HTTP/1.1" 303 1707
2026-01-29 23:54:23.012 [DEBUG] https://lms.bsuir.by:443 "GET /login/index.php?testsession=30091 HTTP/1.1" 303 1674
2026-01-29 23:54:23.473 [DEBUG] https://lms.bsuir.by:443 "GET / HTTP/1.1" 200 21782
2026-01-29 23:54:24.185 [DEBUG] https://lms.bsuir.by:443 "GET /course/view.php?id=5892 HTTP/1.1" 200 35211
2026-01-29 23:54:24.682 [DEBUG] https://lms.bsuir.by:443 "GET /course/view.php?id=8815 HTTP/1.1" 200 21785
2026-01-29 23:54:25.327 [DEBUG] https://lms.bsuir.by:443 "GET /course/view.php?id=8736 HTTP/1.1" 200 24788
2026-01-29 23:54:26.026 [DEBUG] https://lms.bsuir.by:443 "GET /course/view.php?id=7833 HTTP/1.1" 200 22034
2026-01-29 23:54:26.500 [DEBUG] https://lms.bsuir.by:443 "GET /course/view.php?id=8658 HTTP/1.1" 200 22132
2026-01-29 23:54:27.119 [DEBUG] https://lms.bsuir.by:443 "GET /course/view.php?id=7475 HTTP/1.1" 200 27633
2026-01-29 23:54:27.917 [DEBUG] https://lms.bsuir.by:443 "GET /course/view.php?id=2703 HTTP/1.1" 200 39067
2026-01-29 23:54:28.381 [DEBUG] https://lms.bsuir.by:443 "GET /course/view.php?id=9766 HTTP/1.1" 200 22090
2026-01-29 23:54:28.865 [DEBUG] https://lms.bsuir.by:443 "GET /course/view.php?id=7164 HTTP/1.1" 200 22069
2026-01-29 23:54:29.578 [DEBUG] https://lms.bsuir.by:443 "GET /course/view.php?id=9149 HTTP/1.1" 200 22054
2026-01-29 23:55:29.021 [DEBUG] Starting new HTTPS connection (1): lms.bsuir.by:443
2026-01-29 23:55:29.485 [DEBUG] https://lms.bsuir.by:443 "POST /login/index.php HTTP/1.1" 303 1707
2026-01-29 23:55:29.599 [DEBUG] https://lms.bsuir.by:443 "GET /login/index.php?testsession=30091 HTTP/1.1" 303 1674
2026-01-29 23:55:30.018 [DEBUG] https://lms.bsuir.by:443 "GET / HTTP/1.1" 200 21772
2026-01-29 23:55:30.732 [DEBUG] https://lms.bsuir.by:443 "GET /course/view.php?id=5892 HTTP/1.1" 200 35211
2026-01-29 23:55:31.226 [DEBUG] https://lms.bsuir.by:443 "GET /course/view.php?id=8815 HTTP/1.1" 200 21777
2026-01-29 23:55:31.744 [DEBUG] https://lms.bsuir.by:443 "GET /course/view.php?id=8736 HTTP/1.1" 200 24787
2026-01-29 23:55:32.154 [DEBUG] https://lms.bsuir.by:443 "GET /course/view.php?id=7833 HTTP/1.1" 200 22032
2026-01-29 23:55:32.615 [DEBUG] https://lms.bsuir.by:443 "GET /course/view.php?id=8658 HTTP/1.1" 200 22125
2026-01-29 23:55:33.171 [DEBUG] https://lms.bsuir.by:443 "GET /course/view.php?id=7475 HTTP/1.1" 200 27635
2026-01-29 23:55:33.914 [DEBUG] https://lms.bsuir.by:443 "GET /course/view.php?id=2703 HTTP/1.1" 200 39063
2026-01-29 23:55:34.456 [DEBUG] https://lms.bsuir.by:443 "GET /course/view.php?id=9766 HTTP/1.1" 200 22095
2026-01-29 23:55:34.867 [DEBUG] https://lms.bsuir.by:443 "GET /course/view.php?id=7164 HTTP/1.1" 200 22068
2026-01-29 23:55:35.291 [DEBUG] https://lms.bsuir.by:443 "GET /course/view.php?id=9149 HTTP/1.1" 200 22055
2026-01-29 23:56:04.560 [DEBUG] Starting new HTTPS connection (1): lms.bsuir.by:443
2026-01-29 23:56:05.670 [DEBUG] https://lms.bsuir.by:443 "POST /login/index.php HTTP/1.1" 303 1707
2026-01-29 23:56:05.829 [DEBUG] https://lms.bsuir.by:443 "GET /login/index.php?testsession=30091 HTTP/1.1" 303 1674
2026-01-29 23:56:06.195 [DEBUG] https://lms.bsuir.by:443 "GET / HTTP/1.1" 200 21767
2026-01-29 23:56:06.840 [DEBUG] https://lms.bsuir.by:443 "GET /course/view.php?id=5892 HTTP/1.1" 200 35203
2026-01-29 23:56:07.370 [DEBUG] https://lms.bsuir.by:443 "GET /course/view.php?id=8815 HTTP/1.1" 200 21783
2026-01-29 23:56:08.022 [DEBUG] https://lms.bsuir.by:443 "GET /course/view.php?id=8736 HTTP/1.1" 200 24789
2026-01-29 23:56:08.461 [DEBUG] https://lms.bsuir.by:443 "GET /course/view.php?id=7833 HTTP/1.1" 200 22028
2026-01-29 23:56:08.911 [DEBUG] https://lms.bsuir.by:443 "GET /course/view.php?id=8658 HTTP/1.1" 200 22135
2026-01-29 23:56:09.494 [DEBUG] https://lms.bsuir.by:443 "GET /course/view.php?id=7475 HTTP/1.1" 200 27632
2026-01-29 23:56:10.219 [DEBUG] https://lms.bsuir.by:443 "GET /course/view.php?id=2703 HTTP/1.1" 200 39066
2026-01-29 23:56:10.728 [DEBUG] https://lms.bsuir.by:443 "GET /course/view.php?id=9766 HTTP/1.1" 200 22090
2026-01-29 23:56:11.193 [DEBUG] https://lms.bsuir.by:443 "GET /course/view.php?id=7164 HTTP/1.1" 200 22066
2026-01-29 23:56:11.658 [DEBUG] https://lms.bsuir.by:443 "GET /course/view.php?id=9149 HTTP/1.1" 200 22052
2026-01-30 00:20:51.512 [DEBUG] Starting new HTTPS connection (1): lms.bsuir.by:443
2026-01-30 00:20:51.969 [DEBUG] https://lms.bsuir.by:443 "POST /login/index.php HTTP/1.1" 303 1707
2026-01-30 00:20:52.076 [DEBUG] https://lms.bsuir.by:443 "GET /login/index.php?testsession=30091 HTTP/1.1" 303 1674
2026-01-30 00:20:52.533 [DEBUG] https://lms.bsuir.by:443 "GET / HTTP/1.1" 200 21762
2026-01-30 00:20:53.237 [DEBUG] https://lms.bsuir.by:443 "GET /course/view.php?id=5892 HTTP/1.1" 200 35197
2026-01-30 00:20:53.756 [DEBUG] https://lms.bsuir.by:443 "GET /course/view.php?id=8815 HTTP/1.1" 200 21786
2026-01-30 00:20:54.279 [DEBUG] https://lms.bsuir.by:443 "GET /course/view.php?id=8736 HTTP/1.1" 200 24789
2026-01-30 00:20:54.714 [DEBUG] https://lms.bsuir.by:443 "GET /course/view.php?id=7833 HTTP/1.1" 200 22037
2026-01-30 00:20:55.283 [DEBUG] https://lms.bsuir.by:443 "GET /course/view.php?id=8658 HTTP/1.1" 200 22135
2026-01-30 00:20:55.892 [DEBUG] https://lms.bsuir.by:443 "GET /course/view.php?id=7475 HTTP/1.1" 200 27630
2026-01-30 00:20:56.676 [DEBUG] https://lms.bsuir.by:443 "GET /course/view.php?id=2703 HTTP/1.1" 200 39065
2026-01-30 00:20:57.248 [DEBUG] https://lms.bsuir.by:443 "GET /course/view.php?id=9766 HTTP/1.1" 200 22094
2026-01-30 00:20:57.632 [DEBUG] https://lms.bsuir.by:443 "GET /course/view.php?id=7164 HTTP/1.1" 200 22063
2026-01-30 00:20:58.113 [DEBUG] https://lms.bsuir.by:443 "GET /course/view.php?id=9149 HTTP/1.1" 200 22056
2026-01-30 13:13:52.954 [DEBUG] Starting new HTTPS connection (1): lms.bsuir.by:443
2026-01-30 13:13:54.238 [DEBUG] https://lms.bsuir.by:443 "POST /login/index.php HTTP/1.1" 303 1707
2026-01-30 13:13:54.367 [DEBUG] https://lms.bsuir.by:443 "GET /login/index.php?testsession=30091 HTTP/1.1" 303 1674
2026-01-30 13:13:54.905 [DEBUG] https://lms.bsuir.by:443 "GET / HTTP/1.1" 200 21784
2026-01-30 13:13:55.715 [DEBUG] https://lms.bsuir.by:443 "GET /course/view.php?id=5892 HTTP/1.1" 200 35210
2026-01-30 13:13:56.224 [DEBUG] https://lms.bsuir.by:443 "GET /course/view.php?id=8815 HTTP/1.1" 200 21784
2026-01-30 13:13:56.773 [DEBUG] https://lms.bsuir.by:443 "GET /course/view.php?id=8736 HTTP/1.1" 200 24797
2026-01-30 13:13:57.193 [DEBUG] https://lms.bsuir.by:443 "GET /course/view.php?id=7833 HTTP/1.1" 200 22044
2026-01-30 13:13:57.628 [DEBUG] https://lms.bsuir.by:443 "GET /course/view.php?id=8658 HTTP/1.1" 200 22143
2026-01-30 13:13:58.242 [DEBUG] https://lms.bsuir.by:443 "GET /course/view.php?id=7475 HTTP/1.1" 200 27640
2026-01-30 13:13:59.056 [DEBUG] https://lms.bsuir.by:443 "GET /course/view.php?id=2703 HTTP/1.1" 200 39070
2026-01-30 13:13:59.515 [DEBUG] https://lms.bsuir.by:443 "GET /course/view.php?id=9766 HTTP/1.1" 200 22098
2026-01-30 13:13:59.942 [DEBUG] https://lms.bsuir.by:443 "GET /course/view.php?id=7164 HTTP/1.1" 200 22072
2026-01-30 13:14:00.335 [DEBUG] https://lms.bsuir.by:443 "GET /course/view.php?id=9149 HTTP/1.1" 200 22070
2026-02-04 23:38:23.045 [DEBUG] Starting new HTTPS connection (1): lms.bsuir.by:443
2026-02-04 23:38:23.436 [DEBUG] https://lms.bsuir.by:443 "POST /login/index.php HTTP/1.1" 303 1707
2026-02-04 23:38:23.567 [DEBUG] https://lms.bsuir.by:443 "GET /login/index.php?testsession=30091 HTTP/1.1" 303 1674
2026-02-04 23:38:24.018 [DEBUG] https://lms.bsuir.by:443 "GET / HTTP/1.1" 200 21782
2026-02-04 23:38:24.999 [DEBUG] https://lms.bsuir.by:443 "GET /course/view.php?id=5892 HTTP/1.1" 200 35220
2026-02-04 23:38:25.534 [DEBUG] https://lms.bsuir.by:443 "GET /course/view.php?id=8815 HTTP/1.1" 200 21796
2026-02-04 23:38:26.107 [DEBUG] https://lms.bsuir.by:443 "GET /course/view.php?id=8736 HTTP/1.1" 200 24803
2026-02-04 23:38:26.773 [DEBUG] https://lms.bsuir.by:443 "GET /course/view.php?id=7833 HTTP/1.1" 200 22051
2026-02-04 23:38:27.266 [DEBUG] https://lms.bsuir.by:443 "GET /course/view.php?id=8658 HTTP/1.1" 200 22141
2026-02-04 23:38:27.861 [DEBUG] https://lms.bsuir.by:443 "GET /course/view.php?id=7475 HTTP/1.1" 200 27640
2026-02-04 23:38:28.588 [DEBUG] https://lms.bsuir.by:443 "GET /course/view.php?id=2703 HTTP/1.1" 200 39075
2026-02-04 23:38:29.194 [DEBUG] https://lms.bsuir.by:443 "GET /course/view.php?id=9766 HTTP/1.1" 200 22106
2026-02-04 23:38:29.643 [DEBUG] https://lms.bsuir.by:443 "GET /course/view.php?id=7164 HTTP/1.1" 200 22082
2026-02-04 23:38:30.159 [DEBUG] https://lms.bsuir.by:443 "GET /course/view.php?id=9149 HTTP/1.1" 200 22067
2026-02-04 23:45:15.513 [DEBUG] Starting new HTTPS connection (1): lms.bsuir.by:443
2026-02-04 23:45:15.888 [DEBUG] https://lms.bsuir.by:443 "POST /login/index.php HTTP/1.1" 303 1707
2026-02-04 23:45:16.029 [DEBUG] https://lms.bsuir.by:443 "GET /login/index.php?testsession=30091 HTTP/1.1" 303 1674
2026-02-04 23:45:16.480 [DEBUG] https://lms.bsuir.by:443 "GET / HTTP/1.1" 200 21789
2026-02-04 23:45:17.268 [DEBUG] https://lms.bsuir.by:443 "GET /course/view.php?id=5892 HTTP/1.1" 200 35213
2026-02-04 23:45:17.778 [DEBUG] https://lms.bsuir.by:443 "GET /course/view.php?id=8815 HTTP/1.1" 200 21795
2026-02-04 23:45:18.483 [DEBUG] https://lms.bsuir.by:443 "GET /course/view.php?id=8736 HTTP/1.1" 200 24799
2026-02-04 23:45:18.914 [DEBUG] https://lms.bsuir.by:443 "GET /course/view.php?id=7833 HTTP/1.1" 200 22050
2026-02-04 23:45:19.518 [DEBUG] https://lms.bsuir.by:443 "GET /course/view.php?id=8658 HTTP/1.1" 200 22146
2026-02-04 23:45:20.141 [DEBUG] https://lms.bsuir.by:443 "GET /course/view.php?id=7475 HTTP/1.1" 200 27645
2026-02-04 23:45:20.981 [DEBUG] https://lms.bsuir.by:443 "GET /course/view.php?id=2703 HTTP/1.1" 200 39074
2026-02-04 23:45:21.497 [DEBUG] https://lms.bsuir.by:443 "GET /course/view.php?id=9766 HTTP/1.1" 200 22109
2026-02-04 23:45:21.932 [DEBUG] https://lms.bsuir.by:443 "GET /course/view.php?id=7164 HTTP/1.1" 200 22073
2026-02-04 23:45:22.656 [DEBUG] https://lms.bsuir.by:443 "GET /course/view.php?id=9149 HTTP/1.1" 200 22064
2026-02-04 23:53:13.588 [DEBUG] Starting new HTTPS connection (1): lms.bsuir.by:443
2026-02-04 23:53:13.927 [DEBUG] https://lms.bsuir.by:443 "POST /login/index.php HTTP/1.1" 303 1707
2026-02-04 23:53:14.040 [DEBUG] https://lms.bsuir.by:443 "GET /login/index.php?testsession=30091 HTTP/1.1" 303 1674
2026-02-04 23:53:14.469 [DEBUG] https://lms.bsuir.by:443 "GET / HTTP/1.1" 200 21785
2026-02-04 23:53:15.155 [DEBUG] https://lms.bsuir.by:443 "GET /course/view.php?id=5892 HTTP/1.1" 200 35212
2026-02-04 23:53:15.308 [INFO] Автоматизированное проектирование электрических цепей. Часть 2 (ДН) Шилин
2026-02-04 23:53:15.663 [DEBUG] https://lms.bsuir.by:443 "GET /course/view.php?id=8815 HTTP/1.1" 200 21788
2026-02-04 23:53:15.705 [INFO] Анкетирование по использованию ИКТ
2026-02-04 23:53:16.165 [DEBUG] https://lms.bsuir.by:443 "GET /course/view.php?id=8736 HTTP/1.1" 200 24798
2026-02-04 23:53:16.235 [INFO] Интернет-технологии и веб-программирование.  Часть 1 (ДН) Хаджинова
2026-02-04 23:53:16.577 [DEBUG] https://lms.bsuir.by:443 "GET /course/view.php?id=7833 HTTP/1.1" 200 22045
2026-02-04 23:53:16.679 [INFO] Моделирование систем (ДН) Севернёв
2026-02-04 23:53:17.022 [DEBUG] https://lms.bsuir.by:443 "GET /course/view.php?id=8658 HTTP/1.1" 200 22140
2026-02-04 23:53:17.115 [INFO] Основы бизнеса и права в сфере инфокоммуникационных технологий (ДН) Забродская 
2026-02-04 23:53:17.567 [DEBUG] https://lms.bsuir.by:443 "GET /course/view.php?id=7475 HTTP/1.1" 200 27643
2026-02-04 23:53:17.662 [INFO] Основы машинного обучения (ДН) Голда
2026-02-04 23:53:18.292 [DEBUG] https://lms.bsuir.by:443 "GET /course/view.php?id=2703 HTTP/1.1" 200 39072
2026-02-04 23:53:18.456 [INFO] Проектирование автоматизированных систем (ДН) Ломако
2026-02-04 23:53:18.863 [DEBUG] https://lms.bsuir.by:443 "GET /course/view.php?id=9766 HTTP/1.1" 200 22108
2026-02-04 23:53:18.953 [INFO] Системы управления базами данных. Часть 2 (ДН) Трофимович
2026-02-04 23:53:19.304 [DEBUG] https://lms.bsuir.by:443 "GET /course/view.php?id=7164 HTTP/1.1" 200 22080
2026-02-04 23:53:19.401 [INFO] Системы управления ресурсами предприятия (ДН) Батин
2026-02-04 23:53:19.763 [DEBUG] https://lms.bsuir.by:443 "GET /course/view.php?id=9149 HTTP/1.1" 200 22060
2026-02-04 23:53:19.814 [INFO] Статистические методы обработки данных (ДН) Боброва
2026-02-04 23:53:41.073 [DEBUG] Starting new HTTPS connection (1): lms.bsuir.by:443
2026-02-04 23:53:41.449 [DEBUG] https://lms.bsuir.by:443 "POST /login/index.php HTTP/1.1" 303 1707
2026-02-04 23:53:41.560 [DEBUG] https://lms.bsuir.by:443 "GET /login/index.php?testsession=30091 HTTP/1.1" 303 1674
2026-02-04 23:53:42.025 [DEBUG] https://lms.bsuir.by:443 "GET / HTTP/1.1" 200 21784
2026-02-04 23:53:42.723 [DEBUG] https://lms.bsuir.by:443 "GET /course/view.php?id=5892 HTTP/1.1" 200 35219
2026-02-04 23:53:42.848 [INFO] Автоматизированное проектирование электрических цепей. Часть 2 (ДН) Шилин
2026-02-04 23:53:43.198 [DEBUG] https://lms.bsuir.by:443 "GET /course/view.php?id=8815 HTTP/1.1" 200 21790
2026-02-04 23:53:43.238 [INFO] Анкетирование по использованию ИКТ
2026-02-04 23:53:43.239 [INFO] no quiz link
2026-02-04 23:53:43.683 [DEBUG] https://lms.bsuir.by:443 "GET /course/view.php?id=8736 HTTP/1.1" 200 24800
2026-02-04 23:53:43.742 [INFO] Интернет-технологии и веб-программирование.  Часть 1 (ДН) Хаджинова
2026-02-04 23:53:43.743 [INFO] no quiz link
2026-02-04 23:53:44.100 [DEBUG] https://lms.bsuir.by:443 "GET /course/view.php?id=7833 HTTP/1.1" 200 22039
2026-02-04 23:53:44.222 [INFO] Моделирование систем (ДН) Севернёв
2026-02-04 23:53:44.223 [INFO] no quiz link
2026-02-04 23:53:44.609 [DEBUG] https://lms.bsuir.by:443 "GET /course/view.php?id=8658 HTTP/1.1" 200 22143
2026-02-04 23:53:44.657 [INFO] Основы бизнеса и права в сфере инфокоммуникационных технологий (ДН) Забродская 
2026-02-04 23:53:44.658 [INFO] no quiz link
2026-02-04 23:53:45.121 [DEBUG] https://lms.bsuir.by:443 "GET /course/view.php?id=7475 HTTP/1.1" 200 27639
2026-02-04 23:53:45.223 [INFO] Основы машинного обучения (ДН) Голда
2026-02-04 23:53:45.849 [DEBUG] https://lms.bsuir.by:443 "GET /course/view.php?id=2703 HTTP/1.1" 200 39076
2026-02-04 23:53:46.004 [INFO] Проектирование автоматизированных систем (ДН) Ломако
2026-02-04 23:53:46.355 [DEBUG] https://lms.bsuir.by:443 "GET /course/view.php?id=9766 HTTP/1.1" 200 22109
2026-02-04 23:53:46.403 [INFO] Системы управления базами данных. Часть 2 (ДН) Трофимович
2026-02-04 23:53:46.403 [INFO] no quiz link
2026-02-04 23:53:46.757 [DEBUG] https://lms.bsuir.by:443 "GET /course/view.php?id=7164 HTTP/1.1" 200 22081
2026-02-04 23:53:46.806 [INFO] Системы управления ресурсами предприятия (ДН) Батин
2026-02-04 23:53:46.808 [INFO] no quiz link
2026-02-04 23:53:47.168 [DEBUG] https://lms.bsuir.by:443 "GET /course/view.php?id=9149 HTTP/1.1" 200 22067
2026-02-04 23:53:47.244 [INFO] Статистические методы обработки данных (ДН) Боброва
2026-02-04 23:53:47.245 [INFO] no quiz link
2026-02-05 00:06:19.331 [DEBUG] Starting new HTTPS connection (1): lms.bsuir.by:443
2026-02-05 00:06:19.690 [DEBUG] https://lms.bsuir.by:443 "POST /login/index.php HTTP/1.1" 303 1707
2026-02-05 00:06:19.830 [DEBUG] https://lms.bsuir.by:443 "GET /login/index.php?testsession=30091 HTTP/1.1" 303 1674
2026-02-05 00:06:20.286 [DEBUG] https://lms.bsuir.by:443 "GET / HTTP/1.1" 200 21780
2026-02-05 00:06:20.945 [DEBUG] https://lms.bsuir.by:443 "GET /course/view.php?id=5892 HTTP/1.1" 200 35215
2026-02-05 00:06:21.104 [INFO] Автоматизированное проектирование электрических цепей. Часть 2 (ДН) Шилин
2026-02-05 00:06:21.507 [DEBUG] https://lms.bsuir.by:443 "GET /course/view.php?id=8815 HTTP/1.1" 200 21793
2026-02-05 00:06:21.556 [INFO] Анкетирование по использованию ИКТ
2026-02-05 00:06:21.557 [INFO] no quiz link
2026-02-05 00:06:21.987 [DEBUG] https://lms.bsuir.by:443 "GET /course/view.php?id=8736 HTTP/1.1" 200 24801
2026-02-05 00:06:22.046 [INFO] Интернет-технологии и веб-программирование.  Часть 1 (ДН) Хаджинова
2026-02-05 00:06:22.047 [INFO] no quiz link
2026-02-05 00:06:22.422 [DEBUG] https://lms.bsuir.by:443 "GET /course/view.php?id=7833 HTTP/1.1" 200 22039
2026-02-05 00:06:22.511 [INFO] Моделирование систем (ДН) Севернёв
2026-02-05 00:06:22.511 [INFO] no quiz link
2026-02-05 00:06:22.892 [DEBUG] https://lms.bsuir.by:443 "GET /course/view.php?id=8658 HTTP/1.1" 200 22136
2026-02-05 00:06:22.941 [INFO] Основы бизнеса и права в сфере инфокоммуникационных технологий (ДН) Забродская 
2026-02-05 00:06:22.942 [INFO] no quiz link
2026-02-05 00:06:23.448 [DEBUG] https://lms.bsuir.by:443 "GET /course/view.php?id=7475 HTTP/1.1" 200 27634
2026-02-05 00:06:23.539 [INFO] Основы машинного обучения (ДН) Голда
2026-02-05 00:06:24.204 [DEBUG] https://lms.bsuir.by:443 "GET /course/view.php?id=2703 HTTP/1.1" 200 39070
2026-02-05 00:06:24.352 [INFO] Проектирование автоматизированных систем (ДН) Ломако
2026-02-05 00:06:24.690 [DEBUG] https://lms.bsuir.by:443 "GET /course/view.php?id=9766 HTTP/1.1" 200 22097
2026-02-05 00:06:24.744 [INFO] Системы управления базами данных. Часть 2 (ДН) Трофимович
2026-02-05 00:06:24.745 [INFO] no quiz link
2026-02-05 00:06:25.149 [DEBUG] https://lms.bsuir.by:443 "GET /course/view.php?id=7164 HTTP/1.1" 200 22077
2026-02-05 00:06:25.200 [INFO] Системы управления ресурсами предприятия (ДН) Батин
2026-02-05 00:06:25.202 [INFO] no quiz link
2026-02-05 00:06:25.543 [DEBUG] https://lms.bsuir.by:443 "GET /course/view.php?id=9149 HTTP/1.1" 200 22064
2026-02-05 00:06:25.585 [INFO] Статистические методы обработки данных (ДН) Боброва
2026-02-05 00:06:25.586 [INFO] no quiz link
